CFU/mL,Sensor1,Sensor2,Sensor3
2874947.3684210526,80.48710136452243,-36.73255360623782,102.34424951267057
2869894.736842105,80.54420272904484,-36.765107212475634,102.28849902534114
2864842.1052631577,80.60130409356726,-36.79766081871345,102.2327485380117
2859789.4736842103,80.65840545808967,-36.83021442495127,102.17699805068227
2854736.8421052634,80.7155068226121,-36.862768031189084,102.12124756335284
2849684.210526316,80.77260818713451,-36.8953216374269,102.06549707602339
2844631.5789473685,80.82970955165693,-36.92787524366472,102.00974658869396
2839578.947368421,80.88681091617934,-36.960428849902534,101.95399610136452
2834526.3157894737,80.94391228070177,-36.99298245614035,101.89824561403509
2829473.6842105263,81.00101364522418,-37.02553606237817,101.84249512670566
2824421.052631579,81.0581150097466,-37.058089668615985,101.78674463937622
2819368.4210526315,81.11521637426901,-37.090643274853804,101.73099415204679
2814315.789473684,81.17231773879143,-37.12319688109162,101.67524366471736
2809263.1578947366,81.22941910331384,-37.155750487329435,101.61949317738792
2804210.5263157897,81.28652046783627,-37.188304093567254,101.56374269005849
2799157.8947368423,81.34362183235868,-37.22085769980507,101.50799220272906
2794105.263157895,81.4007231968811,-37.253411306042885,101.45224171539961
2789052.6315789474,81.45782456140351,-37.285964912280704,101.39649122807018
2784000.0,81.51492592592594,-37.31851851851852,101.34074074074074
2778947.3684210526,81.57202729044835,-37.351072124756335,101.28499025341131
2773894.736842105,81.62912865497077,-37.383625730994154,101.22923976608188
2768842.1052631577,81.68623001949318,-37.41617933723197,101.17348927875244
2763789.4736842103,81.7433313840156,-37.448732943469786,101.11773879142301
2758736.8421052634,81.80043274853801,-37.481286549707605,101.06198830409357
2753684.210526316,81.85753411306044,-37.513840155945424,101.00623781676414
2748631.5789473685,81.91463547758285,-37.546393762183236,100.95048732943471
2743578.947368421,81.97173684210527,-37.578947368421055,100.89473684210527
2738526.3157894737,82.02883820662768,-37.611500974658874,100.83898635477583
2733473.6842105263,82.0859395711501,-37.644054580896686,100.7832358674464
2728421.052631579,82.14304093567252,-37.676608187134505,100.72748538011696
2723368.4210526315,82.20014230019494,-37.709161793372324,100.67173489278753
2718315.789473684,82.25724366471735,-37.741715399610136,100.6159844054581
2713263.157894737,82.31434502923977,-37.774269005847955,100.56023391812866
2708210.5263157897,82.37144639376218,-37.806822612085774,100.50448343079923
2703157.8947368423,82.42854775828461,-37.839376218323586,100.44873294346979
2698105.263157895,82.48564912280702,-37.871929824561406,100.39298245614036
2693052.6315789474,82.54275048732944,-37.904483430799225,100.33723196881093
2688000.0,82.59985185185185,-37.93703703703704,100.28148148148149
2682947.3684210526,82.65695321637428,-37.969590643274856,100.22573099415206
2677894.736842105,82.71405458089669,-38.002144249512675,100.16998050682261
2672842.1052631577,82.77115594541911,-38.03469785575049,100.11423001949318
2667789.4736842103,82.82825730994152,-38.067251461988306,100.05847953216374
2662736.8421052634,82.88535867446394,-38.099805068226125,100.00272904483431
2657684.210526316,82.94246003898635,-38.13235867446394,99.94697855750488
2652631.5789473685,82.99956140350878,-38.164912280701756,99.89122807017544
2647578.947368421,83.0566627680312,-38.197465886939575,99.83547758284601
2642526.3157894737,83.11376413255361,-38.23001949317739,99.77972709551658
2637473.6842105263,83.17086549707602,-38.26257309941521,99.72397660818714
2632421.052631579,83.22796686159845,-38.295126705653026,99.66822612085771
2627368.4210526315,83.28506822612087,-38.32768031189084,99.61247563352828
2622315.789473684,83.34216959064328,-38.36023391812866,99.55672514619883
2617263.157894737,83.3992709551657,-38.392787524366476,99.5009746588694
2612210.5263157897,83.45637231968811,-38.42534113060429,99.44522417153996
2607157.8947368423,83.51347368421054,-38.45789473684211,99.38947368421053
2602105.263157895,83.57057504873295,-38.490448343079926,99.3337231968811
2597052.6315789474,83.62767641325537,-38.52300194931774,99.27797270955166
2592000.0,83.68477777777778,-38.55555555555556,99.22222222222223
2586947.3684210526,83.7418791423002,-38.588109161793376,99.1664717348928
2581894.736842105,83.79898050682262,-38.62066276803119,99.11072124756336
2576842.1052631577,83.85608187134504,-38.65321637426901,99.05497076023393
2571789.4736842103,83.91318323586745,-38.68576998050683,98.9992202729045
2566736.842105263,83.97028460038987,-38.718323586744646,98.94346978557505
2561684.210526316,84.02738596491228,-38.75087719298246,98.88771929824561
2556631.5789473685,84.08448732943471,-38.78343079922028,98.83196881091618
2551578.947368421,84.14158869395712,-38.815984405458096,98.77621832358675
2546526.3157894737,84.19869005847954,-38.84853801169591,98.72046783625731
2541473.6842105263,84.25579142300195,-38.88109161793373,98.66471734892788
2536421.052631579,84.31289278752438,-38.913645224171546,98.60896686159845
2531368.4210526315,84.36999415204679,-38.94619883040936,98.55321637426901
2526315.789473684,84.42709551656921,-38.97875243664718,98.49746588693958
2521263.157894737,84.48419688109162,-39.011306042884996,98.44171539961015
2516210.5263157897,84.54129824561404,-39.04385964912281,98.38596491228071
2511157.8947368423,84.59839961013645,-39.07641325536063,98.33021442495127
2506105.263157895,84.65550097465888,-39.10896686159845,98.27446393762183
2501052.6315789474,84.71260233918129,-39.14152046783626,98.2187134502924
2496000.0,84.76970370370371,-39.17407407407408,98.16296296296296
2490947.3684210526,84.82680506822612,-39.2066276803119,98.10721247563353
2485894.736842105,84.88390643274855,-39.23918128654971,98.0514619883041
2480842.1052631577,84.94100779727096,-39.27173489278753,97.99571150097466
2475789.4736842103,84.99810916179338,-39.30428849902535,97.93996101364523
2470736.842105263,85.05521052631579,-39.33684210526316,97.8842105263158
2465684.210526316,85.11231189083821,-39.36939571150098,97.82846003898636
2460631.5789473685,85.16941325536062,-39.4019493177388,97.77270955165693
2455578.947368421,85.22651461988305,-39.43450292397661,97.71695906432748
2450526.3157894737,85.28361598440546,-39.46705653021443,97.66120857699805
2445473.6842105263,85.34071734892788,-39.49961013645225,97.60545808966862
2440421.052631579,85.39781871345029,-39.53216374269006,97.54970760233918
2435368.4210526315,85.45492007797272,-39.56471734892788,97.49395711500975
2430315.789473684,85.51202144249513,-39.5972709551657,97.43820662768032
2425263.157894737,85.56912280701755,-39.62982456140351,97.38245614035088
2420210.5263157897,85.62622417153997,-39.66237816764133,97.32670565302145
2415157.8947368423,85.68332553606238,-39.69493177387915,97.27095516569202
2410105.263157895,85.7404269005848,-39.72748538011696,97.21520467836258
2405052.6315789474,85.79752826510722,-39.76003898635478,97.15945419103315
2400000.0,85.85462962962964,-39.7925925925926,97.1037037037037
2394947.3684210526,85.91173099415205,-39.82514619883041,97.04795321637427
2389894.736842105,85.96883235867448,-39.85769980506823,96.99220272904483
2384842.1052631577,86.02593372319689,-39.89025341130605,96.9364522417154
2379789.4736842103,86.08303508771931,-39.92280701754386,96.88070175438597
2374736.842105263,86.14013645224172,-39.95536062378168,96.82495126705653
2369684.210526316,86.19723781676414,-39.9879142300195,96.7692007797271
2364631.5789473685,86.25433918128655,-40.02046783625731,96.71345029239767
2359578.947368421,86.31144054580898,-40.05302144249513,96.65769980506823
2354526.3157894737,86.36854191033139,-40.08557504873295,96.6019493177388
2349473.6842105263,86.42564327485381,-40.11812865497076,96.54619883040937
2344421.052631579,86.48274463937622,-40.15068226120858,96.49044834307992
2339368.4210526315,86.53984600389865,-40.1832358674464,96.43469785575049
2334315.7894736845,86.59694736842106,-40.21578947368421,96.37894736842105
2329263.157894737,86.65404873294348,-40.24834307992203,96.32319688109162
2324210.5263157897,86.71115009746589,-40.28089668615985,96.26744639376219
2319157.8947368423,86.76825146198831,-40.31345029239766,96.21169590643275
2314105.263157895,86.82535282651072,-40.34600389863548,96.15594541910332
2309052.6315789474,86.88245419103315,-40.3785575048733,96.10019493177388
2304000.0,86.93955555555556,-40.41111111111111,96.04444444444445
2298947.3684210526,86.99665692007798,-40.44366471734893,95.98869395711502
2293894.736842105,87.05375828460039,-40.47621832358675,95.93294346978558
2288842.1052631577,87.11085964912282,-40.50877192982456,95.87719298245614
2283789.4736842103,87.16796101364523,-40.54132553606238,95.8214424951267
2278736.842105263,87.22506237816765,-40.5738791423002,95.76569200779727
2273684.210526316,87.28216374269006,-40.60643274853801,95.70994152046784
2268631.5789473685,87.33926510721248,-40.63898635477583,95.6541910331384
2263578.947368421,87.3963664717349,-40.67153996101365,95.59844054580897
2258526.3157894737,87.45346783625732,-40.70409356725146,95.54269005847954
2253473.6842105263,87.51056920077973,-40.73664717348928,95.4869395711501
2248421.052631579,87.56767056530215,-40.7692007797271,95.43118908382067
2243368.4210526315,87.62477192982456,-40.80175438596491,95.37543859649124
2238315.7894736845,87.68187329434699,-40.83430799220273,95.3196881091618
2233263.157894737,87.7389746588694,-40.86686159844055,95.26393762183235
2228210.5263157897,87.79607602339182,-40.89941520467836,95.20818713450292
2223157.8947368423,87.85317738791423,-40.93196881091618,95.15243664717349
2218105.263157895,87.91027875243665,-40.964522417154,95.09668615984405
2213052.6315789474,87.96738011695906,-40.99707602339181,95.04093567251462
2208000.0,88.02448148148149,-41.02962962962963,94.98518518518519
2202947.3684210526,88.0815828460039,-41.06218323586745,94.92943469785575
2197894.736842105,88.13868421052632,-41.09473684210526,94.87368421052632
2192842.1052631577,88.19578557504873,-41.12729044834308,94.81793372319689
2187789.4736842103,88.25288693957116,-41.1598440545809,94.76218323586745
2182736.842105263,88.30998830409357,-41.19239766081871,94.70643274853802
2177684.210526316,88.36708966861599,-41.22495126705653,94.65068226120857
2172631.5789473685,88.42419103313841,-41.25750487329435,94.59493177387914
2167578.947368421,88.48129239766082,-41.29005847953216,94.5391812865497
2162526.3157894737,88.53839376218323,-41.32261208576998,94.48343079922027
2157473.6842105263,88.59549512670566,-41.3551656920078,94.42768031189084
2152421.052631579,88.65259649122808,-41.387719298245614,94.3719298245614
2147368.4210526315,88.70969785575049,-41.42027290448343,94.31617933723197
2142315.7894736845,88.76679922027292,-41.45282651072125,94.26042884990254
2137263.157894737,88.82390058479533,-41.485380116959064,94.2046783625731
2132210.5263157897,88.88100194931775,-41.51793372319688,94.14892787524367
2127157.8947368423,88.93810331384016,-41.5504873294347,94.09317738791424
2122105.263157895,88.99520467836258,-41.583040935672514,94.03742690058479
2117052.6315789474,89.052306042885,-41.61559454191033,93.98167641325536
2112000.0,89.10940740740742,-41.64814814814815,93.92592592592592
2106947.3684210526,89.16650877192983,-41.680701754385964,93.87017543859649
2101894.736842105,89.22361013645225,-41.71325536062378,93.81442495126706
2096842.1052631577,89.28071150097466,-41.7458089668616,93.75867446393762
2091789.4736842106,89.33781286549709,-41.778362573099415,93.70292397660819
2086736.8421052631,89.3949142300195,-41.810916179337234,93.64717348927876
2081684.210526316,89.45201559454192,-41.84346978557505,93.59142300194932
2076631.5789473685,89.50911695906433,-41.876023391812865,93.53567251461989
2071578.9473684211,89.56621832358675,-41.908576998050684,93.47992202729046
2066526.3157894737,89.62331968810916,-41.9411306042885,93.42417153996101
2061473.6842105263,89.68042105263159,-41.973684210526315,93.36842105263159
2056421.0526315789,89.737522417154,-42.006237816764134,93.31267056530214
2051368.4210526315,89.79462378167642,-42.03879142300195,93.25692007797271
2046315.7894736843,89.85172514619883,-42.071345029239765,93.20116959064327
2041263.1578947369,89.90882651072125,-42.103898635477584,93.14541910331384
2036210.5263157894,89.96592787524366,-42.1364522417154,93.08966861598441
2031157.8947368423,90.02302923976609,-42.169005847953215,93.03391812865497
2026105.2631578948,90.0801306042885,-42.201559454191035,92.97816764132554
2021052.6315789474,90.13723196881092,-42.234113060428854,92.92241715399611
2016000.0,90.19433333333333,-42.266666666666666,92.86666666666667
2010947.3684210526,90.25143469785576,-42.299220272904485,92.81091617933723
2005894.7368421052,90.30853606237817,-42.331773879142304,92.75516569200781
2000842.1052631577,90.36563742690059,-42.364327485380116,92.69941520467836
1995789.4736842106,90.422738791423,-42.396881091617935,92.64366471734893
1990736.8421052631,90.47984015594542,-42.429434697855754,92.58791423001949
1985684.210526316,90.53694152046783,-42.461988304093566,92.53216374269006
1980631.5789473685,90.59404288499026,-42.494541910331385,92.47641325536063
1975578.9473684211,90.65114424951267,-42.527095516569204,92.42066276803119
1970526.3157894737,90.70824561403509,-42.559649122807016,92.36491228070176
1965473.6842105263,90.76534697855752,-42.592202729044836,92.30916179337233
1960421.0526315789,90.82244834307993,-42.624756335282655,92.25341130604289
1955368.4210526315,90.87954970760234,-42.65730994152047,92.19766081871344
1950315.7894736843,90.93665107212476,-42.689863547758286,92.14191033138403
1945263.1578947369,90.99375243664718,-42.722417153996105,92.08615984405458
1940210.5263157894,91.0508538011696,-42.75497076023392,92.03040935672514
1935157.8947368423,91.107955165692,-42.787524366471736,91.97465886939571
1930105.2631578948,91.16505653021443,-42.820077972709555,91.91890838206628
1925052.6315789474,91.22215789473685,-42.85263157894737,91.86315789473684
1920000.0,91.27925925925926,-42.885185185185186,91.80740740740741
1914947.3684210526,91.33636062378167,-42.917738791423005,91.75165692007798
1909894.7368421052,91.3934619883041,-42.95029239766082,91.69590643274854
1904842.1052631577,91.45056335282652,-42.982846003898636,91.64015594541911
1899789.4736842106,91.50766471734893,-43.015399610136456,91.58440545808968
1894736.8421052631,91.56476608187135,-43.04795321637427,91.52865497076024
1889684.210526316,91.62186744639376,-43.08050682261209,91.4729044834308
1884631.5789473685,91.67896881091619,-43.113060428849906,91.41715399610136
1879578.9473684211,91.7360701754386,-43.14561403508772,91.36140350877193
1874526.3157894737,91.79317153996102,-43.17816764132554,91.3056530214425
1869473.6842105263,91.85027290448343,-43.210721247563356,91.24990253411306
1864421.0526315789,91.90737426900586,-43.24327485380117,91.19415204678363
1859368.4210526315,91.96447563352827,-43.27582846003899,91.1384015594542
1854315.7894736843,92.02157699805069,-43.308382066276806,91.08265107212476
1849263.1578947369,92.0786783625731,-43.34093567251462,91.02690058479533
1844210.5263157894,92.13577972709552,-43.37348927875244,90.9711500974659
1839157.8947368423,92.19288109161793,-43.406042884990256,90.91539961013646
1834105.2631578948,92.24998245614036,-43.43859649122807,90.85964912280701
1829052.6315789474,92.30708382066277,-43.47115009746589,90.80389863547758
1824000.0,92.36418518518519,-43.50370370370371,90.74814814814815
1818947.3684210526,92.4212865497076,-43.53625730994152,90.69239766081871
1813894.7368421054,92.47838791423003,-43.56881091617934,90.63664717348928
1808842.105263158,92.53548927875244,-43.60136452241716,90.58089668615985
1803789.4736842106,92.59259064327486,-43.63391812865497,90.52514619883041
1798736.8421052631,92.64969200779727,-43.66647173489279,90.46939571150098
1793684.2105263157,92.7067933723197,-43.69902534113061,90.41364522417155
1788631.5789473685,92.7638947368421,-43.73157894736842,90.35789473684211
1783578.9473684211,92.82099610136453,-43.76413255360624,90.30214424951268
1778526.3157894737,92.87809746588694,-43.79668615984406,90.24639376218323
1773473.6842105263,92.93519883040936,-43.82923976608187,90.1906432748538
1768421.0526315789,92.99230019493177,-43.86179337231969,90.13489278752436
1763368.4210526317,93.0494015594542,-43.89434697855751,90.07914230019493
1758315.7894736843,93.1065029239766,-43.92690058479532,90.0233918128655
1753263.1578947369,93.16360428849903,-43.95945419103314,89.96764132553606
1748210.5263157894,93.22070565302144,-43.99200779727096,89.91189083820663
1743157.894736842,93.27780701754386,-44.02456140350877,89.8561403508772
1738105.2631578948,93.33490838206627,-44.05711500974659,89.80038986354776
1733052.6315789474,93.3920097465887,-44.08966861598441,89.74463937621833
1728000.0,93.44911111111111,-44.12222222222222,89.6888888888889
1722947.3684210526,93.50621247563353,-44.15477582846004,89.63313840155945
1717894.7368421054,93.56331384015596,-44.18732943469786,89.57738791423002
1712842.105263158,93.62041520467837,-44.21988304093567,89.52163742690058
1707789.4736842106,93.67751656920078,-44.25243664717349,89.46588693957115
1702736.8421052631,93.7346179337232,-44.28499025341131,89.41013645224172
1697684.2105263157,93.79171929824562,-44.31754385964912,89.35438596491228
1692631.5789473685,93.84882066276803,-44.35009746588694,89.29863547758285
1687578.9473684211,93.90592202729044,-44.38265107212476,89.24288499025342
1682526.3157894737,93.96302339181287,-44.41520467836257,89.18713450292398
1677473.6842105263,94.02012475633529,-44.44775828460039,89.13138401559455
1672421.0526315789,94.0772261208577,-44.48031189083821,89.07563352826512
1667368.4210526317,94.13432748538013,-44.51286549707602,89.01988304093567
1662315.7894736843,94.19142884990254,-44.54541910331384,88.96413255360623
1657263.1578947369,94.24853021442496,-44.57797270955166,88.9083820662768
1652210.5263157894,94.30563157894737,-44.61052631578947,88.85263157894737
1647157.894736842,94.3627329434698,-44.64307992202729,88.79688109161793
1642105.2631578948,94.4198343079922,-44.67563352826511,88.7411306042885
1637052.6315789474,94.47693567251463,-44.70818713450292,88.68538011695907
1632000.0,94.53403703703704,-44.74074074074074,88.62962962962963
1626947.3684210526,94.59113840155946,-44.77329434697856,88.5738791423002
1621894.7368421054,94.64823976608187,-44.80584795321637,88.51812865497077
1616842.105263158,94.7053411306043,-44.83840155945419,88.46237816764133
1611789.4736842106,94.7624424951267,-44.87095516569201,88.40662768031189
1606736.8421052631,94.81954385964913,-44.90350877192982,88.35087719298245
1601684.2105263157,94.87664522417154,-44.93606237816764,88.29512670565302
1596631.5789473685,94.93374658869396,-44.96861598440546,88.23937621832359
1591578.9473684211,94.99084795321637,-45.00116959064327,88.18362573099415
1586526.3157894737,95.0479493177388,-45.03372319688109,88.12787524366472
1581473.6842105263,95.10505068226121,-45.06627680311891,88.07212475633528
1576421.0526315789,95.16215204678363,-45.09883040935672,88.01637426900585
1571368.4210526317,95.21925341130604,-45.13138401559454,87.96062378167642
1566315.7894736843,95.27635477582847,-45.16393762183236,87.90487329434698
1561263.1578947369,95.33345614035088,-45.19649122807017,87.84912280701755
1556210.5263157894,95.3905575048733,-45.22904483430799,87.7933723196881
1551157.894736842,95.44765886939571,-45.26159844054581,87.73762183235867
1546105.2631578948,95.50476023391813,-45.29415204678362,87.68187134502924
1541052.6315789474,95.56186159844054,-45.32670565302144,87.6261208576998
1536000.0,95.61896296296297,-45.35925925925926,87.57037037037037
1530947.3684210526,95.67606432748538,-45.39181286549707,87.51461988304094
1525894.7368421054,95.7331656920078,-45.42436647173489,87.4588693957115
1520842.105263158,95.79026705653021,-45.45692007797271,87.40311890838207
1515789.4736842106,95.84736842105264,-45.48947368421052,87.34736842105264
1510736.8421052631,95.90446978557505,-45.52202729044834,87.2916179337232
1505684.2105263157,95.96157115009747,-45.55458089668616,87.23586744639377
1500631.5789473685,96.01867251461988,-45.58713450292397,87.18011695906432
1495578.9473684211,96.0757738791423,-45.61968810916179,87.12436647173489
1490526.3157894737,96.13287524366473,-45.65224171539961,87.06861598440545
1485473.6842105263,96.18997660818714,-45.68479532163743,87.01286549707602
1480421.0526315789,96.24707797270955,-45.71734892787524,86.95711500974659
1475368.4210526317,96.30417933723197,-45.74990253411306,86.90136452241715
1470315.7894736843,96.3612807017544,-45.78245614035088,86.84561403508772
1465263.1578947369,96.4183820662768,-45.81500974658869,86.78986354775829
1460210.5263157894,96.47548343079922,-45.84756335282651,86.73411306042885
1455157.894736842,96.53258479532164,-45.88011695906433,86.67836257309942
1450105.2631578948,96.58968615984406,-45.91267056530214,86.62261208576999
1445052.6315789474,96.64678752436647,-45.94522417153996,86.56686159844054
1440000.0,96.70388888888888,-45.97777777777778,86.5111111111111
1434947.3684210526,96.76099025341131,-46.01033138401559,86.45536062378167
1429894.7368421054,96.81809161793373,-46.04288499025341,86.39961013645224
1424842.105263158,96.87519298245614,-46.07543859649123,86.3438596491228
1419789.4736842106,96.93229434697855,-46.107992202729044,86.28810916179337
1414736.8421052631,96.98939571150098,-46.14054580896686,86.23235867446394
1409684.2105263157,97.0464970760234,-46.17309941520468,86.1766081871345
1404631.5789473685,97.10359844054581,-46.205653021442494,86.12085769980507
1399578.9473684211,97.16069980506823,-46.23820662768031,86.06510721247564
1394526.3157894737,97.21780116959064,-46.27076023391813,86.0093567251462
1389473.6842105263,97.27490253411307,-46.303313840155944,85.95360623781676
1384421.0526315789,97.33200389863548,-46.33586744639376,85.89785575048734
1379368.4210526317,97.3891052631579,-46.36842105263158,85.84210526315789
1374315.7894736843,97.44620662768031,-46.400974658869394,85.78635477582846
1369263.1578947369,97.50330799220274,-46.43352826510721,85.73060428849902
1364210.5263157894,97.56040935672515,-46.46608187134503,85.67485380116959
1359157.894736842,97.61751072124757,-46.498635477582845,85.61910331384016
1354105.2631578948,97.67461208576998,-46.531189083820664,85.56335282651072
1349052.6315789474,97.7317134502924,-46.56374269005848,85.50760233918129
1344000.0,97.78881481481481,-46.596296296296295,85.45185185185186
1338947.3684210526,97.84591617933724,-46.628849902534114,85.39610136452242
1333894.7368421054,97.90301754385965,-46.66140350877193,85.34035087719298
1328842.105263158,97.96011890838207,-46.693957115009745,85.28460038986356
1323789.4736842106,98.01722027290448,-46.726510721247564,85.22884990253411
1318736.8421052631,98.0743216374269,-46.75906432748538,85.17309941520467
1313684.2105263157,98.13142300194932,-46.791617933723195,85.11734892787524
1308631.5789473685,98.18852436647174,-46.824171539961014,85.06159844054581
1303578.9473684211,98.24562573099415,-46.85672514619883,85.00584795321637
1298526.3157894737,98.30272709551657,-46.88927875243665,84.95009746588694
1293473.6842105263,98.35982846003898,-46.921832358674465,84.89434697855751
1288421.0526315789,98.41692982456141,-46.954385964912284,84.83859649122807
1283368.4210526317,98.47403118908383,-46.9869395711501,84.78284600389864
1278315.7894736843,98.53113255360624,-47.019493177387915,84.7270955165692
1273263.1578947369,98.58823391812865,-47.052046783625734,84.67134502923977
1268210.5263157894,98.64533528265108,-47.08460038986355,84.61559454191033
1263157.8947368423,98.7024366471735,-47.117153996101365,84.55984405458089
1258105.2631578948,98.75953801169591,-47.149707602339184,84.50409356725146
1253052.6315789474,98.81663937621832,-47.182261208577,84.44834307992203
1248000.0,98.87374074074074,-47.214814814814815,84.39259259259259
1242947.3684210526,98.93084210526317,-47.247368421052634,84.33684210526316
1237894.7368421054,98.98794346978558,-47.27992202729045,84.28109161793373
1232842.105263158,99.04504483430799,-47.312475633528265,84.22534113060429
1227789.4736842106,99.10214619883041,-47.345029239766085,84.16959064327486
1222736.8421052631,99.15924756335284,-47.377582846003904,84.11384015594541
1217684.2105263157,99.21634892787525,-47.410136452241716,84.05808966861599
1212631.5789473685,99.27345029239765,-47.442690058479535,84.00233918128654
1207578.9473684211,99.33055165692008,-47.475243664717354,83.94658869395711
1202526.3157894737,99.3876530214425,-47.507797270955166,83.89083820662768
1197473.6842105263,99.44475438596491,-47.540350877192985,83.83508771929824
1192421.0526315789,99.50185575048732,-47.572904483430804,83.77933723196881
1187368.4210526317,99.55895711500975,-47.605458089668616,83.72358674463938
1182315.7894736843,99.61605847953217,-47.638011695906435,83.66783625730994
1177263.1578947369,99.67315984405458,-47.670565302144254,83.61208576998051
1172210.5263157894,99.730261208577,-47.703118908382066,83.55633528265108
1167157.8947368423,99.78736257309941,-47.735672514619885,83.50058479532163
1162105.2631578948,99.84446393762184,-47.768226120857705,83.44483430799221
1157052.6315789474,99.90156530214425,-47.80077972709552,83.38908382066276
1152000.0,99.95866666666667,-47.833333333333336,83.33333333333333
1146947.3684210526,100.01576803118908,-47.865886939571155,83.2775828460039
1141894.7368421054,100.0728693957115,-47.89844054580897,83.22183235867446
1136842.105263158,100.12997076023392,-47.930994152046786,83.16608187134503
1131789.4736842106,100.18707212475634,-47.963547758284605,83.1103313840156
1126736.8421052631,100.24417348927875,-47.99610136452242,83.05458089668616
1121684.2105263157,100.30127485380117,-48.028654970760236,82.99883040935673
1116631.5789473685,100.35837621832358,-48.061208576998055,82.9430799220273
1111578.9473684211,100.41547758284601,-48.09376218323587,82.88732943469785
1106526.3157894737,100.47257894736842,-48.126315789473686,82.83157894736843
1101473.6842105263,100.52968031189084,-48.158869395711505,82.77582846003898
1096421.0526315789,100.58678167641325,-48.19142300194932,82.72007797270955
1091368.4210526317,100.64388304093568,-48.22397660818714,82.66432748538011
1086315.7894736843,100.70098440545809,-48.256530214424956,82.60857699805068
1081263.1578947369,100.75808576998051,-48.28908382066277,82.55282651072125
1076210.5263157894,100.81518713450292,-48.32163742690059,82.49707602339181
1071157.8947368423,100.87228849902534,-48.354191033138406,82.44132553606238
1066105.2631578948,100.92938986354775,-48.38674463937622,82.38557504873295
1061052.6315789474,100.98649122807018,-48.41929824561404,82.32982456140351
1056000.0,101.0435925925926,-48.451851851851856,82.27407407407406
1050947.3684210526,101.10069395711501,-48.48440545808967,82.21832358674465
1045894.7368421054,101.15779532163742,-48.51695906432749,82.1625730994152
1040842.105263158,101.21489668615985,-48.549512670565306,82.10682261208576
1035789.4736842106,101.27199805068227,-48.58206627680312,82.05107212475633
1030736.8421052631,101.32909941520468,-48.61461988304094,81.9953216374269
1025684.2105263157,101.38620077972709,-48.64717348927876,81.93957115009746
1020631.5789473685,101.44330214424951,-48.67972709551657,81.88382066276803
1015578.9473684211,101.50040350877194,-48.71228070175439,81.8280701754386
1010526.3157894737,101.55750487329435,-48.74483430799221,81.77231968810916
1005473.6842105263,101.61460623781676,-48.77738791423002,81.71656920077973
1000421.0526315789,101.67170760233918,-48.80994152046784,81.66081871345028
995368.4210526317,101.7288089668616,-48.84249512670566,81.60506822612086
990315.7894736843,101.78591033138402,-48.87504873294347,81.54931773879142
985263.1578947369,101.84301169590643,-48.90760233918129,81.49356725146198
980210.5263157894,101.90011306042885,-48.94015594541911,81.43781676413255
975157.8947368423,101.95721442495127,-48.97270955165692,81.38206627680312
970105.2631578948,102.01431578947368,-49.00526315789474,81.32631578947368
965052.6315789474,102.0714171539961,-49.03781676413256,81.27056530214425
960000.0,102.12851851851852,-49.07037037037037,81.21481481481482
954947.3684210526,102.18561988304094,-49.10292397660819,81.15906432748538
949894.7368421054,102.24272124756335,-49.13547758284601,81.10331384015595
944842.105263158,102.29982261208576,-49.16803118908382,81.0475633528265
939789.4736842106,102.35692397660819,-49.20058479532164,80.99181286549708
934736.8421052631,102.41402534113061,-49.23313840155946,80.93606237816763
929684.2105263157,102.47112670565302,-49.26569200779727,80.8803118908382
924631.5789473685,102.52822807017544,-49.29824561403509,80.82456140350877
919578.9473684211,102.58532943469785,-49.33079922027291,80.76881091617933
914526.3157894737,102.64243079922028,-49.36335282651072,80.7130604288499
909473.6842105263,102.69953216374269,-49.39590643274854,80.65730994152047
904421.0526315789,102.75663352826511,-49.42846003898636,80.60155945419103
899368.4210526317,102.81373489278752,-49.46101364522417,80.5458089668616
894315.7894736843,102.87083625730995,-49.49356725146199,80.49005847953217
889263.1578947369,102.92793762183236,-49.52612085769981,80.43430799220272
884210.5263157894,102.98503898635478,-49.55867446393762,80.3785575048733
879157.8947368423,103.04214035087719,-49.59122807017544,80.32280701754385
874105.2631578948,103.09924171539961,-49.62378167641326,80.26705653021442
869052.6315789474,103.15634307992202,-49.65633528265107,80.21130604288498
864000.0,103.21344444444445,-49.68888888888889,80.15555555555555
858947.3684210526,103.27054580896686,-49.72144249512671,80.09980506822612
853894.7368421054,103.32764717348928,-49.75399610136452,80.04405458089668
848842.105263158,103.38474853801169,-49.78654970760234,79.98830409356725
843789.4736842106,103.44184990253412,-49.81910331384016,79.93255360623782
838736.8421052631,103.49895126705653,-49.85165692007797,79.87680311890838
833684.2105263157,103.55605263157895,-49.88421052631579,79.82105263157894
828631.5789473685,103.61315399610136,-49.91676413255361,79.76530214424952
823578.9473684211,103.67025536062378,-49.94931773879142,79.70955165692007
818526.3157894737,103.7273567251462,-49.98187134502924,79.65380116959064
813473.6842105263,103.78445808966862,-50.01442495126706,79.5980506822612
808421.0526315789,103.84155945419104,-50.04697855750487,79.54230019493177
803368.4210526317,103.89866081871345,-50.07953216374269,79.48654970760234
798315.7894736843,103.95576218323586,-50.11208576998051,79.4307992202729
793263.1578947369,104.01286354775829,-50.14463937621832,79.37504873294347
788210.5263157894,104.06996491228071,-50.17719298245614,79.31929824561404
783157.8947368423,104.12706627680312,-50.20974658869396,79.2635477582846
778105.2631578948,104.18416764132553,-50.24230019493177,79.20779727095515
773052.6315789474,104.24126900584795,-50.27485380116959,79.15204678362574
768000.0,104.29837037037038,-50.30740740740741,79.09629629629629
762947.3684210526,104.35547173489279,-50.33996101364522,79.04054580896685
757894.7368421052,104.4125730994152,-50.37251461988304,78.98479532163742
752842.1052631577,104.46967446393762,-50.40506822612086,78.92904483430799
747789.4736842108,104.52677582846005,-50.43762183235867,78.87329434697855
742736.8421052634,104.58387719298246,-50.47017543859649,78.81754385964912
737684.210526316,104.64097855750487,-50.50272904483431,78.76179337231969
732631.5789473685,104.69807992202729,-50.53528265107212,78.70604288499025
727578.9473684211,104.75518128654971,-50.56783625730994,78.65029239766082
722526.3157894737,104.81228265107212,-50.60038986354776,78.59454191033139
717473.6842105263,104.86938401559453,-50.63294346978557,78.53879142300195
712421.0526315789,104.92648538011696,-50.66549707602339,78.4830409356725
707368.4210526315,104.98358674463938,-50.69805068226121,78.42729044834307
702315.789473684,105.04068810916179,-50.73060428849902,78.37153996101364
697263.1578947371,105.09778947368422,-50.76315789473684,78.3157894736842
692210.5263157897,105.15489083820663,-50.79571150097466,78.26003898635477
687157.8947368423,105.21199220272905,-50.828265107212474,78.20428849902534
682105.2631578948,105.26909356725146,-50.86081871345029,78.1485380116959
677052.6315789474,105.32619493177388,-50.89337231968811,78.09278752436647
672000.0,105.3832962962963,-50.925925925925924,78.03703703703704
666947.3684210526,105.44039766081872,-50.95847953216374,77.9812865497076
661894.7368421052,105.49749902534113,-50.99103313840156,77.92553606237817
656842.1052631577,105.55460038986355,-51.023586744639374,77.86978557504872
651789.4736842108,105.61170175438596,-51.05614035087719,77.8140350877193
646736.8421052634,105.66880311890839,-51.08869395711501,77.75828460038986
641684.210526316,105.7259044834308,-51.121247563352824,77.70253411306042
636631.5789473685,105.78300584795322,-51.15380116959064,77.64678362573099
631578.9473684211,105.84010721247563,-51.18635477582846,77.59103313840156
626526.3157894737,105.89720857699805,-51.218908382066274,77.53528265107212
621473.6842105263,105.95430994152046,-51.251461988304094,77.47953216374269
616421.0526315789,106.01141130604289,-51.28401559454191,77.42378167641326
611368.4210526315,106.0685126705653,-51.316569200779725,77.36803118908382
606315.789473684,106.12561403508772,-51.349122807017544,77.31228070175439
601263.1578947371,106.18271539961013,-51.38167641325536,77.25653021442494
596210.5263157897,106.23981676413256,-51.414230019493175,77.20077972709552
591157.8947368423,106.29691812865497,-51.446783625730994,77.14502923976607
586105.2631578948,106.35401949317739,-51.47933723196881,77.08927875243664
581052.6315789474,106.41112085769981,-51.511890838206625,77.03352826510721
576000.0,106.46822222222222,-51.544444444444444,76.97777777777777
570947.3684210526,106.52532358674463,-51.57699805068226,76.92202729044834
565894.7368421052,106.58242495126706,-51.609551656920075,76.86627680311891
560842.1052631577,106.63952631578948,-51.642105263157895,76.81052631578947
555789.4736842108,106.69662768031189,-51.674658869395714,76.75477582846004
550736.8421052634,106.7537290448343,-51.707212475633526,76.6990253411306
545684.210526316,106.81083040935673,-51.739766081871345,76.64327485380116
540631.5789473685,106.86793177387915,-51.772319688109164,76.58752436647174
535578.9473684211,106.92503313840156,-51.804873294346976,76.53177387914229
530526.3157894737,106.98213450292397,-51.837426900584795,76.47602339181286
525473.6842105263,107.0392358674464,-51.869980506822614,76.42027290448343
520421.0526315789,107.09633723196882,-51.902534113060426,76.36452241715399
515368.42105263146,107.15343859649123,-51.935087719298245,76.30877192982456
510315.78947368404,107.21053996101364,-51.967641325536064,76.25302144249513
505263.1578947371,107.26764132553606,-52.000194931773876,76.19727095516569
500210.52631578967,107.32474269005849,-52.032748538011695,76.14152046783626
495157.89473684225,107.3818440545809,-52.065302144249515,76.08576998050683
490105.26315789483,107.4389454191033,-52.09785575048733,76.03001949317738
485052.6315789474,107.49604678362573,-52.130409356725146,75.97426900584796
480000.0,107.55314814814815,-52.162962962962965,75.91851851851851
474947.3684210526,107.61024951267056,-52.19551656920078,75.86276803118908
469894.73684210517,107.66735087719297,-52.228070175438596,75.80701754385964
464842.10526315775,107.7244522417154,-52.260623781676415,75.75126705653021
459789.4736842108,107.78155360623782,-52.29317738791423,75.69551656920078
454736.8421052634,107.83865497076023,-52.325730994152046,75.63976608187134
449684.21052631596,107.89575633528266,-52.358284600389865,75.58401559454191
444631.57894736854,107.95285769980507,-52.39083820662768,75.52826510721248
439578.9473684211,108.00995906432749,-52.423391812865496,75.47251461988304
434526.3157894737,108.0670604288499,-52.455945419103315,75.4167641325536
429473.6842105263,108.12416179337232,-52.48849902534113,75.36101364522418
424421.0526315789,108.18126315789473,-52.52105263157895,75.30526315789473
419368.42105263146,108.23836452241716,-52.553606237816766,75.2495126705653
414315.78947368404,108.29546588693957,-52.58615984405458,75.19376218323586
409263.1578947371,108.35256725146199,-52.6187134502924,75.13801169590643
404210.52631578967,108.4096686159844,-52.651267056530216,75.082261208577
399157.89473684225,108.46676998050683,-52.68382066276803,75.02651072124756
394105.26315789483,108.52387134502924,-52.71637426900585,74.97076023391813
389052.6315789474,108.58097270955166,-52.748927875243666,74.9150097465887
384000.0,108.63807407407407,-52.78148148148148,74.85925925925926
378947.3684210526,108.6951754385965,-52.8140350877193,74.80350877192981
373894.73684210517,108.7522768031189,-52.846588693957116,74.7477582846004
368842.10526315775,108.80937816764133,-52.87914230019493,74.69200779727095
363789.4736842108,108.86647953216374,-52.91169590643275,74.63625730994151
358736.8421052634,108.92358089668616,-52.94424951267057,74.58050682261208
353684.21052631596,108.98068226120857,-52.97680311890838,74.52475633528265
348631.57894736854,109.037783625731,-53.0093567251462,74.46900584795321
343578.9473684211,109.0948849902534,-53.04191033138402,74.41325536062378
338526.3157894737,109.15198635477583,-53.07446393762183,74.35750487329435
333473.6842105263,109.20908771929825,-53.10701754385965,74.30175438596491
328421.0526315789,109.26618908382066,-53.13957115009747,74.24600389863548
323368.42105263146,109.32329044834307,-53.17212475633528,74.19025341130603
318315.78947368404,109.3803918128655,-53.2046783625731,74.13450292397661
313263.1578947371,109.43749317738792,-53.23723196881092,74.07875243664716
308210.52631578967,109.49459454191033,-53.26978557504873,74.02300194931773
303157.89473684225,109.55169590643274,-53.30233918128655,73.9672514619883
298105.26315789483,109.60879727095517,-53.33489278752437,73.91150097465886
293052.6315789474,109.66589863547759,-53.36744639376218,73.85575048732943
286991.43968871597,109.83715564202335,-53.4260700389105,73.6223346303502
285982.87937743193,109.9513112840467,-53.452140077821014,73.44466926070038
284974.31906614784,110.06546692607004,-53.47821011673152,73.26700389105058
283965.7587548638,110.17962256809338,-53.50428015564202,73.08933852140078
282957.1984435798,110.29377821011673,-53.530350194552526,72.91167315175097
281948.63813229575,110.40793385214008,-53.55642023346304,72.73400778210116
280940.07782101166,110.52208949416342,-53.58249027237354,72.55634241245136
279931.5175097276,110.63624513618677,-53.608560311284045,72.37867704280156
278922.9571984436,110.75040077821012,-53.63463035019455,72.20101167315175
277914.39688715956,110.86455642023346,-53.66070038910506,72.02334630350194
276905.83657587547,110.9787120622568,-53.68677042801556,71.84568093385214
275897.27626459143,111.09286770428015,-53.71284046692607,71.66801556420234
274888.7159533074,111.2070233463035,-53.73891050583657,71.49035019455253
273880.15564202337,111.32117898832685,-53.76498054474708,71.31268482490272
272871.5953307393,111.4353346303502,-53.79105058365759,71.13501945525292
271863.03501945524,111.54949027237355,-53.81712062256809,70.95735408560311
270854.4747081712,111.66364591439688,-53.8431906614786,70.7796887159533
269845.9143968872,111.77780155642023,-53.869260700389106,70.6020233463035
268837.3540856031,111.89195719844358,-53.89533073929961,70.4243579766537
267828.79377431906,112.00611284046693,-53.92140077821011,70.2466926070039
266820.233463035,112.12026848249027,-53.947470817120625,70.06902723735408
265811.673151751,112.23442412451362,-53.97354085603113,69.89136186770428
264803.1128404669,112.34857976653697,-53.99961089494163,69.71369649805447
263794.55252918287,112.4627354085603,-54.025680933852136,69.53603112840467
262785.99221789883,112.57689105058365,-54.05175097276265,69.35836575875486
261777.43190661477,112.691046692607,-54.07782101167315,69.18070038910506
260768.87159533074,112.80520233463035,-54.103891050583655,69.00303501945525
259760.31128404668,112.9193579766537,-54.12996108949416,68.82536964980545
258751.75097276265,113.03351361867705,-54.15603112840467,68.64770428015564
257743.1906614786,113.14766926070038,-54.182101167315174,68.47003891050583
256734.63035019455,113.26182490272373,-54.20817120622568,68.29237354085603
255726.0700389105,113.37598054474708,-54.23424124513618,68.11470817120622
254717.50972762646,113.49013618677043,-54.26031128404669,67.93704280155642
253708.94941634242,113.60429182879378,-54.2863813229572,67.75937743190661
252700.38910505836,113.71844747081713,-54.3124513618677,67.58171206225681
251691.8287937743,113.83260311284047,-54.33852140077821,67.404046692607
250683.26848249027,113.94675875486381,-54.364591439688716,67.2263813229572
249674.70817120624,114.06091439688716,-54.39066147859922,67.0487159533074
248666.14785992217,114.1750700389105,-54.416731517509724,66.87105058365759
247657.5875486381,114.28922568093385,-54.442801556420235,66.69338521400778
246649.02723735408,114.4033813229572,-54.46887159533074,66.51571984435797
245640.46692607005,114.51753696498055,-54.49494163424124,66.33805447470817
244631.90661478598,114.63169260700388,-54.52101167315175,66.16038910505836
243623.34630350195,114.74584824902723,-54.54708171206226,65.98272373540856
242614.7859922179,114.86000389105058,-54.57315175097276,65.80505836575875
241606.22568093386,114.97415953307393,-54.599221789883266,65.62739299610895
240597.6653696498,115.08831517509728,-54.62529182879377,65.44972762645914
239589.10505836576,115.20247081712063,-54.65136186770428,65.27206225680933
238580.5447470817,115.31662645914398,-54.677431906614785,65.09439688715953
237571.98443579767,115.43078210116731,-54.70350194552529,64.91673151750973
236563.4241245136,115.54493774319066,-54.72957198443579,64.73906614785992
235554.86381322957,115.659093385214,-54.755642023346304,64.56140077821011
234546.3035019455,115.77324902723736,-54.78171206225681,64.38373540856031
233537.74319066148,115.8874046692607,-54.80778210116731,64.2060700389105
232529.18287937742,116.00156031128405,-54.83385214007782,64.0284046692607
231520.6225680934,116.11571595330739,-54.85992217898833,63.85073929961089
230512.06225680932,116.22987159533074,-54.88599221789883,63.67307392996109
229503.5019455253,116.34402723735408,-54.912062256809335,63.49540856031128
228494.94163424126,116.45818287937743,-54.938132295719846,63.317743190661474
227486.3813229572,116.57233852140078,-54.96420233463035,63.14007782101167
226477.82101167314,116.68649416342413,-54.990272373540854,62.962412451361864
225469.2607003891,116.80064980544748,-55.01634241245136,62.78474708171206
224460.70038910507,116.91480544747081,-55.04241245136187,62.607081712062254
223452.140077821,117.02896108949416,-55.06848249027237,62.42941634241245
222443.57976653695,117.14311673151751,-55.09455252918288,62.25175097276264
221435.0194552529,117.25727237354086,-55.12062256809338,62.07408560311284
220426.45914396888,117.3714280155642,-55.14669260700389,61.89642023346303
219417.89883268482,117.48558365758755,-55.172762645914396,61.71875486381323
218409.33852140076,117.5997392996109,-55.1988326848249,61.54108949416342
217400.77821011672,117.71389494163424,-55.22490272373541,61.363424124513614
216392.2178988327,117.82805058365759,-55.250972762645915,61.18575875486381
215383.65758754863,117.94220622568093,-55.27704280155642,61.00809338521401
214375.09727626457,118.05636186770428,-55.30311284046692,60.8304280155642
213366.53696498054,118.17051750972763,-55.329182879377434,60.65276264591439
212357.9766536965,118.28467315175098,-55.35525291828794,60.47509727626459
211349.41634241244,118.39882879377433,-55.38132295719844,60.29743190661478
210340.85603112838,118.51298443579766,-55.407392996108946,60.11976653696498
209332.29571984435,118.62714007782101,-55.43346303501946,59.94210116731517
208323.73540856031,118.74129571984436,-55.45953307392996,59.76443579766537
207315.17509727625,118.85545136186771,-55.485603112840465,59.58677042801556
206306.61478599222,118.96960700389106,-55.51167315175097,59.40910505836576
205298.05447470816,119.0837626459144,-55.53774319066148,59.23143968871595
204289.49416342413,119.19791828793774,-55.563813229571984,59.05377431906615
203280.9338521401,119.31207392996109,-55.58988326848249,58.87610894941634
202272.37354085603,119.42622957198444,-55.615953307393,58.69844357976653
201263.81322957197,119.54038521400778,-55.6420233463035,58.52077821011673
200255.25291828794,119.65454085603113,-55.66809338521401,58.34311284046693
199246.6926070039,119.76869649805448,-55.69416342412451,58.16544747081712
198238.13229571984,119.88285214007783,-55.72023346303502,57.98778210116731
197229.57198443578,119.99700778210116,-55.746303501945526,57.81011673151751
196221.01167315175,120.11116342412451,-55.77237354085603,57.63245136186771
195212.45136186772,120.22531906614786,-55.798443579766534,57.4547859922179
194203.89105058365,120.33947470817121,-55.824513618677045,57.27712062256809
193195.3307392996,120.45363035019456,-55.85058365758755,57.09945525291829
192186.77042801556,120.5677859922179,-55.87665369649805,56.92178988326848
191178.21011673153,120.68194163424124,-55.90272373540856,56.74412451361867
190169.64980544747,120.79609727626459,-55.92879377431907,56.56645914396887
189161.0894941634,120.91025291828794,-55.95486381322957,56.38879377431907
188152.52918287937,121.02440856031129,-55.980933852140076,56.21112840466926
187143.96887159534,121.13856420233463,-56.00700389105058,56.03346303501945
186135.40856031128,121.25271984435798,-56.03307392996109,55.85579766536965
185126.8482490272,121.36687548638133,-56.059143968871595,55.67813229571985
184118.28793774318,121.48103112840467,-56.0852140077821,55.50046692607004
183109.72762645915,121.59518677042801,-56.1112840466926,55.32280155642023
182101.1673151751,121.70934241245136,-56.137354085603114,55.14513618677043
181092.60700389103,121.82349805447471,-56.16342412451362,54.96747081712063
180084.046692607,121.93765369649806,-56.18949416342412,54.78980544747081
179075.48638132296,122.05180933852141,-56.21556420233463,54.61214007782101
178066.9260700389,122.16596498054474,-56.24163424124514,54.43447470817121
177058.36575875484,122.28012062256809,-56.26770428015564,54.2568093385214
176049.8054474708,122.39427626459144,-56.293774319066145,54.07914396887159
175041.24513618677,122.50843190661479,-56.319844357976656,53.90147859922179
174032.68482490274,122.62258754863814,-56.34591439688716,53.72381322957199
173024.12451361868,122.73674319066149,-56.371984435797664,53.54614785992218
172015.56420233462,122.85089883268483,-56.39805447470817,53.36848249027237
171007.00389105058,122.96505447470818,-56.42412451361868,53.19081712062257
169998.44357976655,123.07921011673152,-56.45019455252918,53.01315175097277
168989.8832684825,123.19336575875487,-56.47626459143969,52.83548638132296
167981.32295719843,123.30752140077821,-56.50233463035019,52.65782101167315
166972.7626459144,123.42167704280156,-56.5284046692607,52.48015564202335
165964.20233463036,123.53583268482491,-56.554474708171206,52.30249027237354
164955.6420233463,123.64998832684824,-56.58054474708171,52.12482490272373
163947.08171206224,123.7641439688716,-56.60661478599222,51.94715953307393
162938.5214007782,123.87829961089494,-56.632684824902725,51.76949416342413
161929.96108949417,123.99245525291829,-56.65875486381323,51.59182879377432
160921.4007782101,124.10661089494164,-56.68482490272373,51.41416342412451
159912.84046692605,124.22076653696499,-56.710894941634244,51.23649805447471
158904.28015564202,124.33492217898834,-56.73696498054475,51.05883268482491
157895.71984435798,124.44907782101168,-56.76303501945525,50.8811673151751
156887.15953307392,124.56323346303502,-56.789105058365756,50.70350194552529
155878.5992217899,124.67738910505837,-56.81517509727627,50.52583657587549
154870.03891050583,124.79154474708172,-56.84124513618677,50.348171206225686
153861.4785992218,124.90570038910506,-56.867315175097275,50.17050583657588
152852.91828793773,125.01985603112841,-56.89338521400778,49.99284046692607
151844.3579766537,125.13401167315176,-56.91945525291829,49.81517509727627
150835.79766536964,125.2481673151751,-56.945525291828794,49.63750972762646
149827.2373540856,125.36232295719844,-56.9715953307393,49.45984435797665
148818.67704280154,125.47647859922179,-56.99766536964981,49.28217898832685
147810.1167315175,125.59063424124514,-57.02373540856031,49.104513618677046
146801.55642023345,125.70478988326849,-57.04980544747082,48.92684824902724
145792.99610894942,125.81894552529184,-57.07587548638132,48.74918287937743
144784.43579766536,125.93310116731519,-57.10194552529183,48.57151750972763
143775.87548638132,126.04725680933852,-57.128015564202336,48.393852140077826
142767.31517509726,126.16141245136187,-57.15408560311284,48.21618677042802
141758.75486381323,126.27556809338522,-57.180155642023344,48.03852140077821
140750.19455252917,126.38972373540857,-57.206225680933855,47.86085603112841
139741.63424124513,126.50387937743191,-57.23229571984436,47.683190661478605
138733.07392996107,126.61803501945525,-57.25836575875486,47.505525291828796
137724.51361867704,126.7321906614786,-57.28443579766537,47.32785992217899
136715.95330739298,126.84634630350195,-57.31050583657588,47.150194552529186
135707.39299610895,126.9605019455253,-57.33657587548638,46.97252918287938
134698.83268482488,127.07465758754864,-57.362645914396886,46.79486381322957
133690.27237354085,127.18881322957199,-57.3887159533074,46.61719844357977
132681.7120622568,127.30296887159534,-57.4147859922179,46.439533073929965
131673.15175097276,127.41712451361869,-57.440856031128405,46.26186770428016
130664.5914396887,127.53128015564204,-57.46692607003891,46.08420233463035
129656.03112840466,127.64543579766537,-57.49299610894941,45.906536964980546
128647.4708171206,127.75959143968872,-57.519066147859924,45.728871595330745
127638.91050583657,127.87374708171207,-57.54513618677043,45.551206225680936
126630.3501945525,127.98790272373542,-57.57120622568093,45.37354085603113
125621.78988326847,128.10205836575875,-57.59727626459144,45.195875486381325
124613.22957198444,128.2162140077821,-57.62334630350195,45.018210116731524
123604.66926070038,128.33036964980545,-57.64941634241245,44.840544747081715
122596.10894941635,128.4445252918288,-57.675486381322955,44.662879377431906
121587.54863813228,128.55868093385214,-57.701556420233466,44.485214007782105
120578.98832684825,128.6728365758755,-57.72762645914397,44.307548638132296
119570.42801556419,128.78699221789884,-57.753696498054474,44.12988326848249
118561.86770428016,128.9011478599222,-57.779766536964985,43.952217898832686
117553.3073929961,129.01530350194554,-57.80583657587549,43.774552529182884
116544.74708171206,129.1294591439689,-57.83190661478599,43.596887159533075
115536.186770428,129.24361478599224,-57.8579766536965,43.41922178988327
114527.62645914397,129.35777042801556,-57.884046692607,43.241556420233465
113519.0661478599,129.4719260700389,-57.91011673151751,43.06389105058366
112510.50583657587,129.58608171206225,-57.936186770428016,42.886225680933855
111501.94552529181,129.7002373540856,-57.96225680933852,42.708560311284046
110493.38521400778,129.81439299610895,-57.98832684824903,42.530894941634244
109484.82490272372,129.9285486381323,-58.014396887159535,42.35322957198444
108476.26459143969,130.04270428015565,-58.04046692607004,42.17556420233463
107467.70428015562,130.156859922179,-58.06653696498054,41.997898832684825
106459.14396887159,130.27101556420234,-58.092607003891054,41.820233463035024
105450.58365758753,130.3851712062257,-58.11867704280156,41.642568093385215
104442.0233463035,130.49932684824904,-58.14474708171206,41.46490272373541
103433.46303501943,130.6134824902724,-58.170817120622566,41.287237354085605
102424.9027237354,130.72763813229574,-58.19688715953308,41.1095719844358
101416.34241245134,130.84179377431906,-58.22295719844358,40.931906614785994
100407.78210116731,130.9559494163424,-58.249027237354085,40.754241245136186
99399.22178988325,131.07010505836575,-58.27509727626459,40.576575875486384
98390.66147859921,131.1842607003891,-58.3011673151751,40.398910505836575
97382.10116731515,131.29841634241245,-58.327237354085604,40.22124513618677
96373.54085603112,131.4125719844358,-58.35330739299611,40.043579766536965
95364.98054474706,131.52672762645915,-58.37937743190662,39.86591439688716
94356.42023346302,131.6408832684825,-58.40544747081712,39.688249027237354
93347.85992217899,131.75503891050585,-58.43151750972763,39.51058365758755
92339.29961089493,131.8691945525292,-58.45758754863813,39.332918287937744
91330.7392996109,131.98335019455254,-58.48365758754864,39.15525291828794
90322.17898832684,132.0975058365759,-58.509727626459146,38.977587548638134
89313.6186770428,132.21166147859924,-58.53579766536965,38.79992217898833
88305.05836575874,132.32581712062256,-58.561867704280154,38.62225680933852
87296.49805447471,132.43997276264594,-58.587937743190665,38.44459143968872
86287.93774319065,132.55412840466926,-58.61400778210117,38.26692607003891
85279.37743190661,132.6682840466926,-58.64007782101167,38.089260700389104
84270.81712062255,132.78243968871595,-58.66614785992218,37.9115953307393
83262.25680933852,132.8965953307393,-58.69221789883269,37.733929961089494
82253.69649805446,133.01075097276265,-58.71828793774319,37.55626459143969
81245.13618677043,133.124906614786,-58.744357976653696,37.378599221789884
80236.57587548636,133.23906225680935,-58.77042801556421,37.20093385214008
79228.01556420233,133.3532178988327,-58.79649805447471,37.02326848249027
78219.45525291827,133.46737354085604,-58.822568093385215,36.84560311284047
77210.89494163424,133.5815291828794,-58.84863813229572,36.66793774319066
76202.33463035017,133.69568482490274,-58.87470817120623,36.49027237354086
75193.77431906614,133.80984046692606,-58.900778210116734,36.31260700389105
74185.21400778208,133.92399610894944,-58.92684824902724,36.13494163424125
73176.65369649805,134.03815175097276,-58.95291828793774,35.95727626459144
72168.09338521399,134.1523073929961,-58.97898832684825,35.779610894941634
71159.53307392995,134.26646303501946,-59.00505836575876,35.60194552529183
70150.97276264589,134.3806186770428,-59.03112840466926,35.42428015564202
69142.41245136186,134.49477431906615,-59.057198443579765,35.24661478599222
68133.8521400778,134.6089299610895,-59.083268482490276,35.06894941634241
67125.29182879376,134.72308560311285,-59.10933852140078,34.89128404669261
66116.7315175097,134.8372412451362,-59.135408560311284,34.7136186770428
65108.17120622567,134.95139688715955,-59.161478599221795,34.535953307393
64099.61089494161,135.0655525291829,-59.1875486381323,34.35828793774319
63091.050583657576,135.17970817120624,-59.2136186770428,34.18062256809339
62082.49027237354,135.29386381322956,-59.23968871595331,34.00295719844358
61073.92996108948,135.40801945525294,-59.26575875486381,33.82529182879378
60065.36964980545,135.52217509727626,-59.29182879377432,33.64762645914397
59056.80933852139,135.6363307392996,-59.317898832684826,33.46996108949417
58048.249027237354,135.75048638132296,-59.34396887159533,33.29229571984436
57039.68871595329,135.8646420233463,-59.37003891050584,33.11463035019455
56031.12840466926,135.97879766536965,-59.396108949416345,32.93696498054475
55022.5680933852,136.092953307393,-59.42217898832685,32.75929961089494
54014.007782101166,136.20710894941635,-59.44824902723735,32.58163424124514
53005.447470817104,136.3212645914397,-59.474319066147864,32.40396887159533
51996.88715953307,136.43542023346305,-59.50038910505837,32.22630350194553
50988.32684824901,136.5495758754864,-59.52645914396887,32.04863813229572
49979.76653696498,136.66373151750975,-59.55252918287938,31.87097276264592
48971.206225680915,136.7778871595331,-59.57859922178989,31.69330739299611
47962.64591439688,136.89204280155644,-59.60466926070039,31.51564202334631
46954.08560311282,137.00619844357976,-59.630739299610894,31.3379766536965
45945.52529182879,137.1203540856031,-59.6568093385214,31.1603112840467
44936.964980544726,137.23450972762646,-59.68287937743191,30.98264591439689
43928.40466926069,137.3486653696498,-59.70894941634241,30.80498054474708
42919.84435797663,137.46282101167316,-59.73501945525292,30.62731517509728
41911.2840466926,137.5769766536965,-59.76108949416343,30.44964980544747
40902.72373540854,137.69113229571985,-59.78715953307393,30.27198443579767
39894.163424124505,137.8052879377432,-59.81322957198444,30.09431906614786
38885.60311284044,137.91944357976655,-59.83929961089494,29.91665369649806
37877.04280155641,138.0335992217899,-59.86536964980545,29.73898832684825
36868.48249027235,138.14775486381325,-59.891439688715955,29.56132295719845
35859.922178988316,138.2619105058366,-59.91750972762646,29.38365758754864
34851.361867704254,138.37606614785994,-59.94357976653696,29.20599221789884
33842.80155642022,138.49022178988326,-59.969649805447474,29.02832684824903
32834.24124513616,138.6043774319066,-59.99571984435798,28.85066147859923
31825.680933852127,138.71853307392996,-60.02178988326848,28.67299610894942
30817.120622568065,138.8326887159533,-60.047859922178986,28.495330739299618
29808.560311284033,138.94684435797666,-60.0739299610895,28.31766536964981
28599.06976744186,139.234503875969,-60.12093023255814,28.11875968992248
28398.13953488372,139.408007751938,-60.14186046511628,28.09751937984496
28197.20930232558,139.581511627907,-60.16279069767442,28.07627906976744
27996.279069767443,139.75501550387597,-60.18372093023256,28.05503875968992
27795.3488372093,139.92851937984497,-60.2046511627907,28.033798449612405
27594.418604651164,140.10202325581395,-60.22558139534884,28.012558139534885
27393.488372093023,140.27552713178295,-60.246511627906976,27.991317829457365
27192.558139534885,140.44903100775196,-60.26744186046512,27.970077519379846
26991.627906976744,140.62253488372093,-60.288372093023256,27.948837209302326
26790.697674418603,140.79603875968994,-60.3093023255814,27.927596899224806
26589.767441860466,140.9695426356589,-60.330232558139535,27.906356589147286
26388.837209302324,141.14304651162792,-60.35116279069768,27.885116279069766
26187.906976744187,141.31655038759692,-60.372093023255815,27.86387596899225
25986.976744186046,141.4900542635659,-60.39302325581396,27.84263565891473
25786.04651162791,141.6635581395349,-60.413953488372094,27.82139534883721
25585.116279069767,141.83706201550388,-60.43488372093023,27.80015503875969
25384.18604651163,142.01056589147288,-60.455813953488374,27.77891472868217
25183.25581395349,142.18406976744185,-60.47674418604651,27.75767441860465
24982.32558139535,142.35757364341086,-60.49767441860465,27.73643410852713
24781.39534883721,142.53107751937986,-60.51860465116279,27.71519379844961
24580.46511627907,142.70458139534884,-60.53953488372093,27.69395348837209
24379.53488372093,142.87808527131784,-60.56046511627907,27.672713178294575
24178.60465116279,143.05158914728682,-60.58139534883721,27.651472868217056
23977.674418604653,143.22509302325582,-60.60232558139535,27.630232558139536
23776.74418604651,143.39859689922483,-60.62325581395349,27.608992248062016
23575.813953488374,143.5721007751938,-60.64418604651163,27.587751937984496
23374.883720930233,143.7456046511628,-60.66511627906977,27.566511627906976
23173.95348837209,143.91910852713178,-60.68604651162791,27.545271317829457
22973.023255813954,144.0926124031008,-60.70697674418605,27.524031007751937
22772.093023255813,144.26611627906976,-60.72790697674419,27.50279069767442
22571.162790697676,144.43962015503877,-60.74883720930232,27.4815503875969
22370.232558139534,144.61312403100777,-60.769767441860466,27.46031007751938
22169.302325581397,144.78662790697675,-60.7906976744186,27.43906976744186
21968.372093023256,144.96013178294575,-60.811627906976746,27.41782945736434
21767.441860465115,145.13363565891473,-60.83255813953488,27.39658914728682
21566.511627906977,145.30713953488373,-60.853488372093025,27.3753488372093
21365.58139534884,145.48064341085274,-60.87441860465116,27.354108527131782
21164.6511627907,145.6541472868217,-60.895348837209305,27.332868217054262
20963.720930232557,145.82765116279072,-60.91627906976744,27.311627906976746
20762.79069767442,146.0011550387597,-60.937209302325584,27.290387596899226
20561.860465116282,146.1746589147287,-60.95813953488372,27.269147286821706
20360.930232558138,146.34816279069767,-60.979069767441864,27.247906976744186
20160.0,146.52166666666668,-61.0,27.226666666666667
19959.069767441862,146.69517054263568,-61.020930232558136,27.205426356589147
19758.13953488372,146.86867441860466,-61.04186046511628,27.184186046511627
19557.20930232558,147.04217829457366,-61.062790697674416,27.162945736434107
19356.279069767443,147.21568217054264,-61.08372093023256,27.141705426356587
19155.348837209305,147.38918604651164,-61.104651162790695,27.12046511627907
18954.418604651164,147.56268992248062,-61.12558139534884,27.09922480620155
18753.488372093023,147.73619379844962,-61.146511627906975,27.07798449612403
18552.558139534885,147.90969767441862,-61.16744186046512,27.05674418604651
18351.627906976744,148.0832015503876,-61.188372093023254,27.035503875968992
18150.697674418603,148.2567054263566,-61.2093023255814,27.014263565891472
17949.767441860466,148.43020930232558,-61.230232558139534,26.993023255813952
17748.837209302328,148.60371317829458,-61.25116279069768,26.971782945736432
17547.906976744187,148.7772170542636,-61.27209302325581,26.950542635658913
17346.976744186046,148.95072093023256,-61.29302325581396,26.929302325581396
17146.04651162791,149.12422480620157,-61.31395348837209,26.908062015503877
16945.11627906977,149.29772868217054,-61.33488372093023,26.886821705426357
16744.186046511626,149.47123255813955,-61.35581395348837,26.865581395348837
16543.25581395349,149.64473643410852,-61.37674418604651,26.844341085271317
16342.32558139535,149.81824031007753,-61.39767441860465,26.823100775193797
16141.39534883721,149.99174418604653,-61.41860465116279,26.801860465116278
15940.46511627907,150.1652480620155,-61.43953488372093,26.780620155038758
15739.534883720931,150.3387519379845,-61.46046511627907,26.75937984496124
15538.604651162792,150.5122558139535,-61.48139534883721,26.73813953488372
15337.674418604653,150.6857596899225,-61.50232558139535,26.716899224806202
15136.744186046513,150.85926356589147,-61.52325581395349,26.695658914728682
14935.813953488372,151.03276744186047,-61.544186046511626,26.674418604651162
14734.883720930233,151.20627131782948,-61.56511627906977,26.653178294573642
14533.953488372093,151.37977519379845,-61.586046511627906,26.631937984496123
14333.023255813954,151.55327906976746,-61.60697674418604,26.610697674418603
14132.093023255815,151.72678294573643,-61.627906976744185,26.589457364341087
13931.162790697676,151.90028682170544,-61.64883720930232,26.568217054263567
13730.232558139536,152.07379069767444,-61.669767441860465,26.546976744186047
13529.302325581397,152.24729457364342,-61.6906976744186,26.525736434108527
13328.372093023258,152.42079844961242,-61.711627906976744,26.504496124031007
13127.441860465116,152.5943023255814,-61.73255813953488,26.483255813953487
12926.511627906977,152.7678062015504,-61.753488372093024,26.462015503875968
12725.581395348838,152.9413100775194,-61.77441860465116,26.440775193798448
12524.651162790698,153.11481395348838,-61.7953488372093,26.419534883720928
12323.720930232561,153.28831782945738,-61.81627906976744,26.398294573643412
12122.79069767442,153.46182170542636,-61.83720930232558,26.377054263565892
11921.860465116279,153.63532558139536,-61.85813953488372,26.355813953488372
11720.930232558141,153.80882945736434,-61.87906976744186,26.334573643410852
11520.0,153.98233333333334,-61.9,26.313333333333333
11319.069767441862,154.15583720930235,-61.920930232558135,26.292093023255813
11118.139534883721,154.32934108527132,-61.94186046511628,26.270852713178293
10917.209302325584,154.50284496124033,-61.962790697674414,26.249612403100773
10716.279069767443,154.6763488372093,-61.98372093023256,26.228372093023253
10515.348837209305,154.8498527131783,-62.004651162790694,26.207131782945737
10314.418604651164,155.02335658914728,-62.02558139534884,26.185891472868217
10113.488372093023,155.1968604651163,-62.04651162790697,26.164651162790697
9912.558139534885,155.3703643410853,-62.06744186046512,26.143410852713178
9711.627906976744,155.54386821705427,-62.08837209302325,26.122170542635658
9510.697674418607,155.71737209302327,-62.109302325581396,26.100930232558138
9309.767441860466,155.89087596899225,-62.13023255813953,26.07968992248062
9108.837209302328,156.06437984496125,-62.151162790697676,26.0584496124031
8907.906976744187,156.23788372093026,-62.17209302325581,26.03720930232558
8706.97674418605,156.41138759689923,-62.193023255813955,26.015968992248062
8506.046511627908,156.58489147286824,-62.21395348837209,25.994728682170543
8305.116279069767,156.7583953488372,-62.23488372093023,25.973488372093023
8104.18604651163,156.93189922480622,-62.25581395348837,25.952248062015503
7903.2558139534885,157.1054031007752,-62.27674418604651,25.931007751937983
7702.325581395351,157.2789069767442,-62.29767441860465,25.909767441860463
7501.39534883721,157.4524108527132,-62.31860465116279,25.888527131782944
7300.465116279072,157.62591472868218,-62.33953488372093,25.867286821705424
7099.534883720931,157.79941860465118,-62.360465116279066,25.846046511627904
6898.604651162794,157.97292248062016,-62.38139534883721,25.824806201550388
6697.674418604653,158.14642635658916,-62.402325581395345,25.803565891472868
6496.7441860465115,158.31993023255814,-62.42325581395349,25.782325581395348
6295.813953488374,158.49343410852714,-62.444186046511625,25.761085271317828
6094.883720930233,158.66693798449614,-62.46511627906977,25.73984496124031
5893.953488372095,158.84044186046512,-62.486046511627904,25.71860465116279
5693.023255813954,159.01394573643412,-62.50697674418605,25.69736434108527
5492.093023255817,159.1874496124031,-62.527906976744184,25.676124031007753
5291.1627906976755,159.3609534883721,-62.54883720930232,25.654883720930233
5090.232558139538,159.5344573643411,-62.56976744186046,25.633643410852713
4889.302325581397,159.70796124031008,-62.5906976744186,25.612403100775193
4688.372093023256,159.8814651162791,-62.61162790697674,25.591162790697673
4487.441860465118,160.05496899224806,-62.63255813953488,25.569922480620153
4286.511627906977,160.22847286821707,-62.65348837209302,25.548682170542634
4085.5813953488396,160.40197674418607,-62.67441860465116,25.527441860465114
3884.6511627906984,160.57548062015505,-62.6953488372093,25.506201550387594
3683.720930232561,160.74898449612405,-62.71627906976744,25.484961240310078
3482.79069767442,160.92248837209303,-62.73720930232558,25.463720930232558
3281.8604651162823,161.09599224806203,-62.75813953488372,25.442480620155038
3080.930232558141,161.269496124031,-62.77906976744186,25.42124031007752
2848.0,161.4888,-62.82923076923077,24.45230769230769
2816.0,161.5346,-62.85846153846153,23.504615384615384
2784.0,161.5804,-62.887692307692305,22.556923076923077
2752.0,161.6262,-62.91692307692308,21.609230769230766
2720.0,161.672,-62.94615384615384,20.66153846153846
2688.0,161.7178,-62.97538461538461,19.713846153846152
2656.0,161.7636,-63.004615384615384,18.766153846153845
2624.0,161.8094,-63.03384615384615,17.818461538461538
2592.0,161.8552,-63.06307692307692,16.870769230769227
2560.0,161.901,-63.09230769230769,15.923076923076922
2528.0,161.9468,-63.12153846153846,14.975384615384614
2496.0,161.9926,-63.15076923076923,14.027692307692305
2464.0,162.0384,-63.18,13.079999999999998
2432.0,162.0842,-63.209230769230764,12.132307692307691
2400.0,162.13,-63.238461538461536,11.184615384615382
2368.0,162.1758,-63.26769230769231,10.236923076923075
2336.0,162.2216,-63.29692307692308,9.289230769230766
2304.0,162.2674,-63.326153846153844,8.341538461538459
2272.0,162.3132,-63.355384615384615,7.393846153846152
2240.0,162.359,-63.38461538461539,6.446153846153845
2208.0,162.4048,-63.41384615384615,5.498461538461537
2176.0,162.4506,-63.44307692307692,4.55076923076923
2144.0,162.4964,-63.472307692307695,3.6030769230769195
2112.0,162.5422,-63.50153846153846,2.6553846153846123
2080.0,162.588,-63.53076923076923,1.7076923076923052
2048.0,162.6338,-63.56,0.759999999999998
2016.0,162.6796,-63.58923076923077,-0.18769230769230916
1984.0,162.7254,-63.61846153846154,-1.1353846153846163
1952.0,162.7712,-63.64769230769231,-2.083076923076927
1920.0,162.817,-63.676923076923075,-3.030769230769234
1888.0,162.8628,-63.706153846153846,-3.9784615384615414
1856.0,162.9086,-63.73538461538462,-4.9261538461538485
1824.0,162.9544,-63.76461538461538,-5.873846153846156
1792.0,163.0002,-63.793846153846154,-6.821538461538466
1760.0,163.046,-63.823076923076925,-7.769230769230774
1728.0,163.0918,-63.85230769230769,-8.71692307692308
1696.0,163.1376,-63.88153846153846,-9.664615384615388
1664.0,163.1834,-63.91076923076923,-10.612307692307695
1632.0,163.2292,-63.94,-11.560000000000002
1600.0,163.275,-63.96923076923077,-12.50769230769231
1568.0,163.3208,-63.99846153846154,-13.455384615384617
1536.0,163.3666,-64.0276923076923,-14.403076923076924
1504.0,163.4124,-64.05692307692308,-15.350769230769231
1472.0,163.4582,-64.08615384615385,-16.298461538461538
1440.0,163.504,-64.11538461538461,-17.246153846153852
1408.0,163.5498,-64.14461538461539,-18.19384615384616
1376.0,163.5956,-64.17384615384616,-19.141538461538467
1344.0,163.6414,-64.20307692307692,-20.089230769230774
1312.0,163.6872,-64.2323076923077,-21.03692307692308
1280.0,163.733,-64.26153846153846,-21.984615384615388
1248.0,163.7788,-64.29076923076923,-22.932307692307695
1216.0,163.8246,-64.32000000000001,-23.880000000000003
1184.0,163.8704,-64.34923076923077,-24.82769230769231
1152.0,163.9162,-64.37846153846154,-25.775384615384617
1120.0,163.962,-64.40769230769232,-26.723076923076924
1088.0,164.0078,-64.43692307692308,-27.67076923076923
1056.0,164.0536,-64.46615384615384,-28.61846153846154
1024.0,164.0994,-64.49538461538462,-29.566153846153853
992.0,164.1452,-64.52461538461539,-30.51384615384616
960.0,164.191,-64.55384615384615,-31.461538461538467
928.0,164.2368,-64.58307692307693,-32.409230769230774
896.0,164.2826,-64.6123076923077,-33.35692307692308
864.0,164.3284,-64.64153846153846,-34.30461538461539
832.0,164.37419999999997,-64.67076923076924,-35.252307692307696
780.6060606060606,164.4230303030303,-64.76363636363637,-36.81848484848485
761.2121212121212,164.4260606060606,-64.82727272727273,-37.4369696969697
741.8181818181818,164.4290909090909,-64.89090909090909,-38.055454545454545
722.4242424242424,164.4321212121212,-64.95454545454545,-38.6739393939394
703.030303030303,164.43515151515152,-65.01818181818182,-39.29242424242425
683.6363636363636,164.43818181818182,-65.08181818181818,-39.910909090909094
664.2424242424242,164.44121212121212,-65.14545454545454,-40.52939393939394
644.8484848484849,164.44424242424242,-65.2090909090909,-41.14787878787879
625.4545454545455,164.44727272727272,-65.27272727272728,-41.766363636363636
606.060606060606,164.45030303030302,-65.33636363636364,-42.38484848484849
586.6666666666666,164.45333333333332,-65.4,-43.00333333333334
567.2727272727273,164.45636363636362,-65.46363636363637,-43.621818181818185
547.8787878787879,164.45939393939395,-65.52727272727273,-44.24030303030303
528.4848484848485,164.46242424242425,-65.5909090909091,-44.85878787878788
509.09090909090907,164.46545454545455,-65.65454545454546,-45.47727272727273
489.6969696969697,164.46848484848485,-65.71818181818182,-46.095757575757574
470.3030303030303,164.47151515151515,-65.78181818181818,-46.71424242424243
450.9090909090909,164.47454545454545,-65.84545454545454,-47.332727272727276
431.5151515151515,164.47757575757575,-65.9090909090909,-47.95121212121212
412.1212121212121,164.48060606060605,-65.97272727272727,-48.56969696969697
392.7272727272727,164.48363636363638,-66.03636363636363,-49.18818181818182
373.3333333333333,164.48666666666668,-66.1,-49.80666666666667
353.93939393939394,164.48969696969698,-66.16363636363636,-50.42515151515151
334.5454545454545,164.49272727272728,-66.22727272727272,-51.04363636363637
315.1515151515151,164.49575757575758,-66.2909090909091,-51.662121212121214
295.75757575757575,164.49878787878788,-66.35454545454546,-52.28060606060606
276.3636363636364,164.50181818181818,-66.41818181818182,-52.89909090909091
256.969696969697,164.50484848484848,-66.48181818181818,-53.517575757575756
237.5757575757575,164.5078787878788,-66.54545454545455,-54.13606060606061
218.18181818181813,164.5109090909091,-66.60909090909091,-54.75454545454545
198.78787878787875,164.5139393939394,-66.67272727272727,-55.373030303030305
179.39393939393938,164.5169696969697,-66.73636363636363,-55.99151515151515
154.11764705882354,164.53529411764706,-66.87058823529412,-56.491176470588236
148.23529411764707,164.55058823529413,-66.94117647058823,-56.37235294117647
142.35294117647058,164.56588235294117,-67.01176470588236,-56.2535294117647
136.47058823529412,164.58117647058825,-67.08235294117647,-56.13470588235294
130.58823529411765,164.5964705882353,-67.15294117647059,-56.015882352941176
124.70588235294117,164.61176470588236,-67.2235294117647,-55.89705882352941
118.8235294117647,164.6270588235294,-67.29411764705883,-55.77823529411765
112.94117647058823,164.64235294117648,-67.36470588235294,-55.65941176470589
107.05882352941177,164.65764705882353,-67.43529411764706,-55.540588235294116
101.17647058823529,164.6729411764706,-67.50588235294117,-55.42176470588235
95.29411764705881,164.68823529411765,-67.5764705882353,-55.30294117647059
89.41176470588235,164.70352941176472,-67.6470588235294,-55.18411764705883
83.52941176470588,164.71882352941176,-67.71764705882353,-55.06529411764706
77.6470588235294,164.73411764705884,-67.78823529411764,-54.9464705882353
71.76470588235293,164.74941176470588,-67.85882352941177,-54.82764705882353
65.88235294117646,164.76470588235296,-67.92941176470588,-54.70882352941177
55.55555555555556,164.80444444444444,-68.03333333333333,-54.59
51.111111111111114,164.82888888888888,-68.06666666666666,-54.59
46.666666666666664,164.85333333333332,-68.1,-54.59
42.22222222222222,164.87777777777777,-68.13333333333333,-54.59
37.77777777777778,164.90222222222224,-68.16666666666667,-54.59
33.33333333333333,164.92666666666668,-68.2,-54.59
28.888888888888886,164.95111111111112,-68.23333333333333,-54.59
24.444444444444443,164.97555555555556,-68.26666666666667,-54.59
16.2,165.3314,-68.39999999999999,-54.944
12.4,165.6628,-68.5,-55.298
8.600000000000001,165.9942,-68.6,-55.652
4.800000000000001,166.3256,-68.7,-56.006
1.0,166.77133333333333,-69.05333333333333,-60.17333333333333
1.0,166.88566666666668,-69.30666666666667,-63.986666666666665
