CFU/mL,Sensor1,Sensor2,Sensor3
49113684.21,-84.97317739,99.8388499,61.63430019
49027368.42,-85.30635478,99.79769981,61.62060039
48941052.63,-85.63953216,99.75654971,61.60690058
48854736.84,-85.97270955,99.71539961,61.59320078
48768421.05,-86.30588694,99.67424951,61.57950097
48682105.26,-86.63906433,99.63309942,61.56580117
48595789.47,-86.97224172,99.59194932,61.55210136
48509473.68,-87.3054191,99.55079922,61.53840156
48423157.89,-87.63859649,99.50964912,61.52470175
48336842.11,-87.97177388,99.46849903,61.51100195
48250526.32,-88.30495127,99.42734893,61.49730214
48164210.53,-88.63812865,99.38619883,61.48360234
48077894.74,-88.97130604,99.34504873,61.46990253
47991578.95,-89.30448343,99.30389864,61.45620273
47905263.16,-89.63766082,99.26274854,61.44250292
47818947.37,-89.97083821,99.22159844,61.42880312
47732631.58,-90.30401559,99.18044834,61.41510331
47646315.79,-90.63719298,99.13929825,61.40140351
47560000,-90.97037037,99.09814815,61.3877037
47473684.21,-91.30354776,99.05699805,61.3740039
47387368.42,-91.63672515,99.01584795,61.36030409
47301052.63,-91.96990253,98.97469786,61.34660429
47214736.84,-92.30307992,98.93354776,61.33290448
47128421.05,-92.63625731,98.89239766,61.31920468
47042105.26,-92.9694347,98.85124756,61.30550487
46955789.47,-93.30261209,98.81009747,61.29180507
46869473.68,-93.63578947,98.76894737,61.27810526
46783157.89,-93.96896686,98.72779727,61.26440546
46696842.11,-94.30214425,98.68664717,61.25070565
46610526.32,-94.63532164,98.64549708,61.23700585
46524210.53,-94.96849903,98.60434698,61.22330604
46437894.74,-95.30167641,98.56319688,61.20960624
46351578.95,-95.6348538,98.52204678,61.19590643
46265263.16,-95.96803119,98.48089669,61.18220663
46178947.37,-96.30120858,98.43974659,61.16850682
46092631.58,-96.63438596,98.39859649,61.15480702
46006315.79,-96.96756335,98.35744639,61.14110721
45920000,-97.30074074,98.3162963,61.12740741
45833684.21,-97.63391813,98.2751462,61.1137076
45747368.42,-97.96709552,98.2339961,61.1000078
45661052.63,-98.3002729,98.192846,61.08630799
45574736.84,-98.63345029,98.15169591,61.07260819
45488421.05,-98.96662768,98.11054581,61.05890838
45402105.26,-99.29980507,98.06939571,61.04520858
45315789.47,-99.63298246,98.02824561,61.03150877
45229473.68,-99.96615984,97.98709552,61.01780897
45143157.89,-100.2993372,97.94594542,61.00410916
45056842.11,-100.6325146,97.90479532,60.99040936
44970526.32,-100.965692,97.86364522,60.97670955
44884210.53,-101.2988694,97.82249513,60.96300975
44797894.74,-101.6320468,97.78134503,60.94930994
44711578.95,-101.9652242,97.74019493,60.93561014
44625263.16,-102.2984016,97.69904483,60.92191033
44538947.37,-102.6315789,97.65789474,60.90821053
44452631.58,-102.9647563,97.61674464,60.89451072
44366315.79,-103.2979337,97.57559454,60.88081092
44280000,-103.6311111,97.53444444,60.86711111
44193684.21,-103.9642885,97.49329435,60.85341131
44107368.42,-104.2974659,97.45214425,60.8397115
44021052.63,-104.6306433,97.41099415,60.8260117
43934736.84,-104.9638207,97.36984405,60.81231189
43848421.05,-105.2969981,97.32869396,60.79861209
43762105.26,-105.6301754,97.28754386,60.78491228
43675789.47,-105.9633528,97.24639376,60.77121248
43589473.68,-106.2965302,97.20524366,60.75751267
43503157.89,-106.6297076,97.16409357,60.74381287
43416842.11,-106.962885,97.12294347,60.73011306
43330526.32,-107.2960624,97.08179337,60.71641326
43244210.53,-107.6292398,97.04064327,60.70271345
43157894.74,-107.9624172,96.99949318,60.68901365
43071578.95,-108.2955945,96.95834308,60.67531384
42985263.16,-108.6287719,96.91719298,60.66161404
42898947.37,-108.9619493,96.87604288,60.64791423
42812631.58,-109.2951267,96.83489279,60.63421442
42726315.79,-109.6283041,96.79374269,60.62051462
42640000,-109.9614815,96.75259259,60.60681481
42553684.21,-110.2946589,96.7114425,60.59311501
42467368.42,-110.6278363,96.6702924,60.5794152
42381052.63,-110.9610136,96.6291423,60.5657154
42294736.84,-111.294191,96.5879922,60.55201559
42208421.05,-111.6273684,96.54684211,60.53831579
42122105.26,-111.9605458,96.50569201,60.52461598
42035789.47,-112.2937232,96.46454191,60.51091618
41949473.68,-112.6269006,96.42339181,60.49721637
41863157.89,-112.960078,96.38224172,60.48351657
41776842.11,-113.2932554,96.34109162,60.46981676
41690526.32,-113.6264327,96.29994152,60.45611696
41604210.53,-113.9596101,96.25879142,60.44241715
41517894.74,-114.2927875,96.21764133,60.42871735
41431578.95,-114.6259649,96.17649123,60.41501754
41345263.16,-114.9591423,96.13534113,60.40131774
41258947.37,-115.2923197,96.09419103,60.38761793
41172631.58,-115.6254971,96.05304094,60.37391813
41086315.79,-115.9586745,96.01189084,60.36021832
41000000,-116.2918519,95.97074074,60.34651852
40913684.21,-116.6250292,95.92959064,60.33281871
40827368.42,-116.9582066,95.88844055,60.31911891
40741052.63,-117.291384,95.84729045,60.3054191
40654736.84,-117.6245614,95.80614035,60.2917193
40568421.05,-117.9577388,95.76499025,60.27801949
40482105.26,-118.2909162,95.72384016,60.26431969
40395789.47,-118.6240936,95.68269006,60.25061988
40309473.68,-118.957271,95.64153996,60.23692008
40223157.89,-119.2904483,95.60038986,60.22322027
40136842.11,-119.6236257,95.55923977,60.20952047
40050526.32,-119.9568031,95.51808967,60.19582066
39964210.53,-120.2899805,95.47693957,60.18212086
39877894.74,-120.6231579,95.43578947,60.16842105
39791578.95,-120.9563353,95.39463938,60.15472125
39705263.16,-121.2895127,95.35348928,60.14102144
39618947.37,-121.6226901,95.31233918,60.12732164
39532631.58,-121.9558674,95.27118908,60.11362183
39446315.79,-122.2890448,95.23003899,60.09992203
39360000,-122.6222222,95.18888889,60.08622222
39273684.21,-122.9553996,95.14773879,60.07252242
39187368.42,-123.288577,95.10658869,60.05882261
39101052.63,-123.6217544,95.0654386,60.04512281
39014736.84,-123.9549318,95.0242885,60.031423
38928421.05,-124.2881092,94.9831384,60.0177232
38842105.26,-124.6212865,94.9419883,60.00402339
38755789.47,-124.9544639,94.90083821,59.99032359
38669473.68,-125.2876413,94.85968811,59.97662378
38583157.89,-125.6208187,94.81853801,59.96292398
38496842.11,-125.9539961,94.77738791,59.94922417
38410526.32,-126.2871735,94.73623782,59.93552437
38324210.53,-126.6203509,94.69508772,59.92182456
38237894.74,-126.9535283,94.65393762,59.90812476
38151578.95,-127.2867057,94.61278752,59.89442495
38065263.16,-127.619883,94.57163743,59.88072515
37978947.37,-127.9530604,94.53048733,59.86702534
37892631.58,-128.2862378,94.48933723,59.85332554
37806315.79,-128.6194152,94.44818713,59.83962573
37720000,-128.9525926,94.40703704,59.82592593
37633684.21,-129.28577,94.36588694,59.81222612
37547368.42,-129.6189474,94.32473684,59.79852632
37461052.63,-129.9521248,94.28358674,59.78482651
37374736.84,-130.2853021,94.24243665,59.77112671
37288421.05,-130.6184795,94.20128655,59.7574269
37202105.26,-130.9516569,94.16013645,59.7437271
37115789.47,-131.2848343,94.11898635,59.73002729
37029473.68,-131.6180117,94.07783626,59.71632749
36943157.89,-131.9511891,94.03668616,59.70262768
36856842.11,-132.2843665,93.99553606,59.68892788
36770526.32,-132.6175439,93.95438596,59.67522807
36684210.53,-132.9507212,93.91323587,59.66152827
36597894.74,-133.2838986,93.87208577,59.64782846
36511578.95,-133.617076,93.83093567,59.63412865
36425263.16,-133.9502534,93.78978558,59.62042885
36338947.37,-134.2834308,93.74863548,59.60672904
36252631.58,-134.6166082,93.70748538,59.59302924
36166315.79,-134.9497856,93.66633528,59.57932943
36080000,-135.282963,93.62518519,59.56562963
35993684.21,-135.6161404,93.58403509,59.55192982
35907368.42,-135.9493177,93.54288499,59.53823002
35821052.63,-136.2824951,93.50173489,59.52453021
35734736.84,-136.6156725,93.4605848,59.51083041
35648421.05,-136.9488499,93.4194347,59.4971306
35562105.26,-137.2820273,93.3782846,59.4834308
35475789.47,-137.6152047,93.3371345,59.46973099
35389473.68,-137.9483821,93.29598441,59.45603119
35303157.89,-138.2815595,93.25483431,59.44233138
35216842.11,-138.6147368,93.21368421,59.42863158
35130526.32,-138.9479142,93.17253411,59.41493177
35044210.53,-139.2810916,93.13138402,59.40123197
34957894.74,-139.614269,93.09023392,59.38753216
34871578.95,-139.9474464,93.04908382,59.37383236
34785263.16,-140.2806238,93.00793372,59.36013255
34698947.37,-140.6138012,92.96678363,59.34643275
34612631.58,-140.9469786,92.92563353,59.33273294
34526315.79,-141.2801559,92.88448343,59.31903314
34440000,-141.6133333,92.84333333,59.30533333
34353684.21,-141.9465107,92.80218324,59.29163353
34267368.42,-142.2796881,92.76103314,59.27793372
34181052.63,-142.6128655,92.71988304,59.26423392
34094736.84,-142.9460429,92.67873294,59.25053411
34008421.05,-143.2792203,92.63758285,59.23683431
33922105.26,-143.6123977,92.59643275,59.2231345
33835789.47,-143.945575,92.55528265,59.2094347
33749473.68,-144.2787524,92.51413255,59.19573489
33663157.89,-144.6119298,92.47298246,59.18203509
33576842.11,-144.9451072,92.43183236,59.16833528
33490526.32,-145.2782846,92.39068226,59.15463548
33404210.53,-145.611462,92.34953216,59.14093567
33317894.74,-145.9446394,92.30838207,59.12723587
33231578.95,-146.2778168,92.26723197,59.11353606
33145263.16,-146.6109942,92.22608187,59.09983626
33058947.37,-146.9441715,92.18493177,59.08613645
32972631.58,-147.2773489,92.14378168,59.07243665
32886315.79,-147.6105263,92.10263158,59.05873684
32800000,-147.9437037,92.06148148,59.04503704
32713684.21,-148.2768811,92.02033138,59.03133723
32627368.42,-148.6100585,91.97918129,59.01763743
32541052.63,-148.9432359,91.93803119,59.00393762
32454736.84,-149.2764133,91.89688109,58.99023782
32368421.05,-149.6095906,91.85573099,58.97653801
32282105.26,-149.942768,91.8145809,58.96283821
32195789.47,-150.2759454,91.7734308,58.9491384
32109473.68,-150.6091228,91.7322807,58.9354386
32023157.89,-150.9423002,91.6911306,58.92173879
31936842.11,-151.2754776,91.64998051,58.90803899
31850526.32,-151.608655,91.60883041,58.89433918
31764210.53,-151.9418324,91.56768031,58.88063938
31677894.74,-152.2750097,91.52653021,58.86693957
31591578.95,-152.6081871,91.48538012,58.85323977
31505263.16,-152.9413645,91.44423002,58.83953996
31418947.37,-153.2745419,91.40307992,58.82584016
31332631.58,-153.6077193,91.36192982,58.81214035
31246315.79,-153.9408967,91.32077973,58.79844055
31160000,-154.2740741,91.27962963,58.78474074
31073684.21,-154.6072515,91.23847953,58.77104094
30987368.42,-154.9404288,91.19732943,58.75734113
30901052.63,-155.2736062,91.15617934,58.74364133
30814736.84,-155.6067836,91.11502924,58.72994152
30728421.05,-155.939961,91.07387914,58.71624172
30642105.26,-156.2731384,91.03272904,58.70254191
30555789.47,-156.6063158,90.99157895,58.68884211
30469473.68,-156.9394932,90.95042885,58.6751423
30383157.89,-157.2726706,90.90927875,58.6614425
30296842.11,-157.605848,90.86812865,58.64774269
30210526.32,-157.9390253,90.82697856,58.63404288
30124210.53,-158.2722027,90.78582846,58.62034308
30037894.74,-158.6053801,90.74467836,58.60664327
29951578.95,-158.9385575,90.70352827,58.59294347
29865263.16,-159.2717349,90.66237817,58.57924366
29778947.37,-159.6049123,90.62122807,58.56554386
29692631.58,-159.9380897,90.58007797,58.55184405
29606315.79,-160.2712671,90.53892788,58.53814425
29520000,-160.6044444,90.49777778,58.52444444
29433684.21,-160.9376218,90.45662768,58.51074464
29347368.42,-161.2707992,90.41547758,58.49704483
29261052.63,-161.6039766,90.37432749,58.48334503
29174736.84,-161.937154,90.33317739,58.46964522
29088421.05,-162.2703314,90.29202729,58.45594542
29002105.26,-162.6035088,90.25087719,58.44224561
28915789.47,-162.9366862,90.2097271,58.42854581
28829473.68,-163.2698635,90.168577,58.414846
28743157.89,-163.6030409,90.1274269,58.4011462
28656842.11,-163.9362183,90.0862768,58.38744639
28570526.32,-164.2693957,90.04512671,58.37374659
28484210.53,-164.6025731,90.00397661,58.36004678
28397894.74,-164.9357505,89.96282651,58.34634698
28311578.95,-165.2689279,89.92167641,58.33264717
28225263.16,-165.6021053,89.88052632,58.31894737
28138947.37,-165.9352827,89.83937622,58.30524756
28052631.58,-166.26846,89.79822612,58.29154776
27966315.79,-166.6016374,89.75707602,58.27784795
27880000,-166.9348148,89.71592593,58.26414815
27793684.21,-167.2679922,89.67477583,58.25044834
27707368.42,-167.6011696,89.63362573,58.23674854
27621052.63,-167.934347,89.59247563,58.22304873
27534736.84,-168.2675244,89.55132554,58.20934893
27448421.05,-168.6007018,89.51017544,58.19564912
27362105.26,-168.9338791,89.46902534,58.18194932
27275789.47,-169.2670565,89.42787524,58.16824951
27189473.68,-169.6002339,89.38672515,58.15454971
27103157.89,-169.9334113,89.34557505,58.1408499
27016842.11,-170.2665887,89.30442495,58.1271501
26930526.32,-170.5997661,89.26327485,58.11345029
26844210.53,-170.9329435,89.22212476,58.09975049
26757894.74,-171.2661209,89.18097466,58.08605068
26671578.95,-171.5992982,89.13982456,58.07235088
26585263.16,-171.9324756,89.09867446,58.05865107
26498947.37,-172.265653,89.05752437,58.04495127
26412631.58,-172.5988304,89.01637427,58.03125146
26326315.79,-172.9320078,88.97522417,58.01755166
26240000,-173.2651852,88.93407407,58.00385185
26153684.21,-173.5983626,88.89292398,57.99015205
26067368.42,-173.93154,88.85177388,57.97645224
25981052.63,-174.2647173,88.81062378,57.96275244
25894736.84,-174.5978947,88.76947368,57.94905263
25808421.05,-174.9310721,88.72832359,57.93535283
25722105.26,-175.2642495,88.68717349,57.92165302
25635789.47,-175.5974269,88.64602339,57.90795322
25549473.68,-175.9306043,88.60487329,57.89425341
25463157.89,-176.2637817,88.5637232,57.88055361
25376842.11,-176.5969591,88.5225731,57.8668538
25290526.32,-176.9301365,88.481423,57.853154
25204210.53,-177.2633138,88.4402729,57.83945419
25117894.74,-177.5964912,88.39912281,57.82575439
25031578.95,-177.9296686,88.35797271,57.81205458
24945263.16,-178.262846,88.31682261,57.79835478
24858947.37,-178.5960234,88.27567251,57.78465497
24772631.58,-178.9292008,88.23452242,57.77095517
24686315.79,-179.2623782,88.19337232,57.75725536
24600000,-179.5955556,88.15222222,57.74355556
24513684.21,-179.9287329,88.11107212,57.72985575
24427368.42,-180.2619103,88.06992203,57.71615595
24341052.63,-180.5950877,88.02877193,57.70245614
24254736.84,-180.9282651,87.98762183,57.68875634
24168421.05,-181.2614425,87.94647173,57.67505653
24082105.26,-181.5946199,87.90532164,57.66135673
23995789.47,-181.9277973,87.86417154,57.64765692
23909473.68,-182.2609747,87.82302144,57.63395712
23823157.89,-182.594152,87.78187135,57.62025731
23736842.11,-182.9273294,87.74072125,57.6065575
23650526.32,-183.2605068,87.69957115,57.5928577
23564210.53,-183.5936842,87.65842105,57.57915789
23477894.74,-183.9268616,87.61727096,57.56545809
23391578.95,-184.260039,87.57612086,57.55175828
23305263.16,-184.5932164,87.53497076,57.53805848
23218947.37,-184.9263938,87.49382066,57.52435867
23132631.58,-185.2595712,87.45267057,57.51065887
23046315.79,-185.5927485,87.41152047,57.49695906
22960000,-185.9259259,87.37037037,57.48325926
22873684.21,-186.2591033,87.32922027,57.46955945
22787368.42,-186.5922807,87.28807018,57.45585965
22701052.63,-186.9254581,87.24692008,57.44215984
22614736.84,-187.2586355,87.20576998,57.42846004
22528421.05,-187.5918129,87.16461988,57.41476023
22442105.26,-187.9249903,87.12346979,57.40106043
22355789.47,-188.2581676,87.08231969,57.38736062
22269473.68,-188.591345,87.04116959,57.37366082
22183157.89,-188.9245224,87.00001949,57.35996101
22096842.11,-189.2576998,86.9588694,57.34626121
22010526.32,-189.5908772,86.9177193,57.3325614
21924210.53,-189.9240546,86.8765692,57.3188616
21837894.74,-190.257232,86.8354191,57.30516179
21751578.95,-190.5904094,86.79426901,57.29146199
21665263.16,-190.9235867,86.75311891,57.27776218
21578947.37,-191.2567641,86.71196881,57.26406238
21492631.58,-191.5899415,86.67081871,57.25036257
21406315.79,-191.9231189,86.62966862,57.23666277
21320000,-192.2562963,86.58851852,57.22296296
21233684.21,-192.5894737,86.54736842,57.20926316
21147368.42,-192.9226511,86.50621832,57.19556335
21061052.63,-193.2558285,86.46506823,57.18186355
20974736.84,-193.5890058,86.42391813,57.16816374
20888421.05,-193.9221832,86.38276803,57.15446394
20802105.26,-194.2553606,86.34161793,57.14076413
20715789.47,-194.588538,86.30046784,57.12706433
20629473.68,-194.9217154,86.25931774,57.11336452
20543157.89,-195.2548928,86.21816764,57.09966472
20456842.11,-195.5880702,86.17701754,57.08596491
20370526.32,-195.9212476,86.13586745,57.07226511
20284210.53,-196.254425,86.09471735,57.0585653
20197894.74,-196.5876023,86.05356725,57.0448655
20111578.95,-196.9207797,86.01241715,57.03116569
20025263.16,-197.2539571,85.97126706,57.01746589
19938947.37,-197.5871345,85.93011696,57.00376608
19852631.58,-197.9203119,85.88896686,56.99006628
19766315.79,-198.2534893,85.84781676,56.97636647
19680000,-198.5866667,85.80666667,56.96266667
19593684.21,-198.9198441,85.76551657,56.94896686
19507368.42,-199.2530214,85.72436647,56.93526706
19421052.63,-199.5861988,85.68321637,56.92156725
19334736.84,-199.9193762,85.64206628,56.90786745
19248421.05,-200.2525536,85.60091618,56.89416764
19162105.26,-200.585731,85.55976608,56.88046784
19075789.47,-200.9189084,85.51861598,56.86676803
18989473.68,-201.2520858,85.47746589,56.85306823
18903157.89,-201.5852632,85.43631579,56.83936842
18816842.11,-201.9184405,85.39516569,56.82566862
18730526.32,-202.2516179,85.35401559,56.81196881
18644210.53,-202.5847953,85.3128655,56.79826901
18557894.74,-202.9179727,85.2717154,56.7845692
18471578.95,-203.2511501,85.2305653,56.7708694
18385263.16,-203.5843275,85.1894152,56.75716959
18298947.37,-203.9175049,85.14826511,56.74346979
18212631.58,-204.2506823,85.10711501,56.72976998
18126315.79,-204.5838596,85.06596491,56.71607018
18040000,-204.917037,85.02481481,56.70237037
17953684.21,-205.2502144,84.98366472,56.68867057
17867368.42,-205.5833918,84.94251462,56.67497076
17781052.63,-205.9165692,84.90136452,56.66127096
17694736.84,-206.2497466,84.86021442,56.64757115
17608421.05,-206.582924,84.81906433,56.63387135
17522105.26,-206.9161014,84.77791423,56.62017154
17435789.47,-207.2492788,84.73676413,56.60647173
17349473.68,-207.5824561,84.69561404,56.59277193
17263157.89,-207.9156335,84.65446394,56.57907212
17176842.11,-208.2488109,84.61331384,56.56537232
17090526.32,-208.5819883,84.57216374,56.55167251
17004210.53,-208.9151657,84.53101365,56.53797271
16917894.74,-209.2483431,84.48986355,56.5242729
16831578.95,-209.5815205,84.44871345,56.5105731
16745263.16,-209.9146979,84.40756335,56.49687329
16658947.37,-210.2478752,84.36641326,56.48317349
16572631.58,-210.5810526,84.32526316,56.46947368
16486315.79,-210.91423,84.28411306,56.45577388
16400000,-211.2474074,84.24296296,56.44207407
16313684.21,-211.5805848,84.20181287,56.42837427
16227368.42,-211.9137622,84.16066277,56.41467446
16141052.63,-212.2469396,84.11951267,56.40097466
16054736.84,-212.580117,84.07836257,56.38727485
15968421.05,-212.9132943,84.03721248,56.37357505
15882105.26,-213.2464717,83.99606238,56.35987524
15795789.47,-213.5796491,83.95491228,56.34617544
15709473.68,-213.9128265,83.91376218,56.33247563
15623157.89,-214.2460039,83.87261209,56.31877583
15536842.11,-214.5791813,83.83146199,56.30507602
15450526.32,-214.9123587,83.79031189,56.29137622
15364210.53,-215.2455361,83.74916179,56.27767641
15277894.74,-215.5787135,83.7080117,56.26397661
15191578.95,-215.9118908,83.6668616,56.2502768
15105263.16,-216.2450682,83.6257115,56.236577
15018947.37,-216.5782456,83.5845614,56.22287719
14932631.58,-216.911423,83.54341131,56.20917739
14846315.79,-217.2446004,83.50226121,56.19547758
14760000,-217.5777778,83.46111111,56.18177778
14673684.21,-217.9109552,83.41996101,56.16807797
14587368.42,-218.2441326,83.37881092,56.15437817
14501052.63,-218.5773099,83.33766082,56.14067836
14414736.84,-218.9104873,83.29651072,56.12697856
14328421.05,-219.2436647,83.25536062,56.11327875
14242105.26,-219.5768421,83.21421053,56.09957895
14155789.47,-219.9100195,83.17306043,56.08587914
14069473.68,-220.2431969,83.13191033,56.07217934
13983157.89,-220.5763743,83.09076023,56.05847953
13896842.11,-220.9095517,83.04961014,56.04477973
13810526.32,-221.242729,83.00846004,56.03107992
13724210.53,-221.5759064,82.96730994,56.01738012
13637894.74,-221.9090838,82.92615984,56.00368031
13551578.95,-222.2422612,82.88500975,55.98998051
13465263.16,-222.5754386,82.84385965,55.9762807
13378947.37,-222.908616,82.80270955,55.9625809
13292631.58,-223.2417934,82.76155945,55.94888109
13206315.79,-223.5749708,82.72040936,55.93518129
13120000,-223.9081481,82.67925926,55.92148148
13033684.21,-224.2413255,82.63810916,55.90778168
12947368.42,-224.5745029,82.59695906,55.89408187
12861052.63,-224.9076803,82.55580897,55.88038207
12774736.84,-225.2408577,82.51465887,55.86668226
12688421.05,-225.5740351,82.47350877,55.85298246
12602105.26,-225.9072125,82.43235867,55.83928265
12515789.47,-226.2403899,82.39120858,55.82558285
12429473.68,-226.5735673,82.35005848,55.81188304
12343157.89,-226.9067446,82.30890838,55.79818324
12256842.11,-227.239922,82.26775828,55.78448343
12170526.32,-227.5730994,82.22660819,55.77078363
12084210.53,-227.9062768,82.18545809,55.75708382
11997894.74,-228.2394542,82.14430799,55.74338402
11911578.95,-228.5726316,82.10315789,55.72968421
11825263.16,-228.905809,82.0620078,55.71598441
11738947.37,-229.2389864,82.0208577,55.7022846
11652631.58,-229.5721637,81.9797076,55.6885848
11566315.79,-229.9053411,81.9385575,55.67488499
11480000,-230.2385185,81.89740741,55.66118519
11393684.21,-230.5716959,81.85625731,55.64748538
11307368.42,-230.9048733,81.81510721,55.63378558
11221052.63,-231.2380507,81.77395712,55.62008577
11134736.84,-231.5712281,81.73280702,55.60638596
11048421.05,-231.9044055,81.69165692,55.59268616
10962105.26,-232.2375828,81.65050682,55.57898635
10875789.47,-232.5707602,81.60935673,55.56528655
10789473.68,-232.9039376,81.56820663,55.55158674
10703157.89,-233.237115,81.52705653,55.53788694
10616842.11,-233.5702924,81.48590643,55.52418713
10530526.32,-233.9034698,81.44475634,55.51048733
10444210.53,-234.2366472,81.40360624,55.49678752
10357894.74,-234.5698246,81.36245614,55.48308772
10271578.95,-234.9030019,81.32130604,55.46938791
10185263.16,-235.2361793,81.28015595,55.45568811
10098947.37,-235.5693567,81.23900585,55.4419883
10012631.58,-235.9025341,81.19785575,55.4282885
9926315.789,-236.2357115,81.15670565,55.41458869
9840000,-236.5688889,81.11555556,55.40088889
9753684.211,-236.9020663,81.07440546,55.38718908
9667368.421,-237.2352437,81.03325536,55.37348928
9581052.632,-237.5684211,80.99210526,55.35978947
9494736.842,-237.9015984,80.95095517,55.34608967
9408421.053,-238.2347758,80.90980507,55.33238986
9322105.263,-238.5679532,80.86865497,55.31869006
9235789.474,-238.9011306,80.82750487,55.30499025
9149473.684,-239.234308,80.78635478,55.29129045
9063157.895,-239.5674854,80.74520468,55.27759064
8976842.105,-239.9006628,80.70405458,55.26389084
8890526.316,-240.2338402,80.66290448,55.25019103
8804210.526,-240.5670175,80.62175439,55.23649123
8717894.737,-240.9001949,80.58060429,55.22279142
8631578.947,-241.2333723,80.53945419,55.20909162
8545263.158,-241.5665497,80.49830409,55.19539181
8458947.368,-241.8997271,80.457154,55.18169201
8372631.579,-242.2329045,80.4160039,55.1679922
8286315.789,-242.5660819,80.3748538,55.1542924
8200000,-242.8992593,80.3337037,55.14059259
8113684.211,-243.2324366,80.29255361,55.12689279
8027368.421,-243.565614,80.25140351,55.11319298
7941052.632,-243.8987914,80.21025341,55.09949318
7854736.842,-244.2319688,80.16910331,55.08579337
7768421.053,-244.5651462,80.12795322,55.07209357
7682105.263,-244.8983236,80.08680312,55.05839376
7595789.474,-245.231501,80.04565302,55.04469396
7509473.684,-245.5646784,80.00450292,55.03099415
7423157.895,-245.8978558,79.96335283,55.01729435
7336842.105,-246.2310331,79.92220273,55.00359454
7250526.316,-246.5642105,79.88105263,54.98989474
7164210.526,-246.8973879,79.83990253,54.97619493
7077894.737,-247.2305653,79.79875244,54.96249513
6991578.947,-247.5637427,79.75760234,54.94879532
6905263.158,-247.8969201,79.71645224,54.93509552
6818947.368,-248.2300975,79.67530214,54.92139571
6732631.579,-248.5632749,79.63415205,54.90769591
6646315.789,-248.8964522,79.59300195,54.8939961
6560000,-249.2296296,79.55185185,54.8802963
6473684.211,-249.562807,79.51070175,54.86659649
6387368.421,-249.8959844,79.46955166,54.85289669
6301052.632,-250.2291618,79.42840156,54.83919688
6214736.842,-250.5623392,79.38725146,54.82549708
6128421.053,-250.8955166,79.34610136,54.81179727
6042105.263,-251.228694,79.30495127,54.79809747
5955789.474,-251.5618713,79.26380117,54.78439766
5869473.684,-251.8950487,79.22265107,54.77069786
5783157.895,-252.2282261,79.18150097,54.75699805
5696842.105,-252.5614035,79.14035088,54.74329825
5610526.316,-252.8945809,79.09920078,54.72959844
5524210.526,-253.2277583,79.05805068,54.71589864
5437894.737,-253.5609357,79.01690058,54.70219883
5351578.947,-253.8941131,78.97575049,54.68849903
5265263.158,-254.2272904,78.93460039,54.67479922
5178947.368,-254.5604678,78.89345029,54.66109942
5092631.579,-254.8936452,78.85230019,54.64739961
5006315.789,-255.2268226,78.8111501,54.63369981
4902770.428,-255.7276654,78.72276265,54.54501946
4885540.856,-255.8953307,78.67552529,54.47003891
4868311.284,-256.0629961,78.62828794,54.39505837
4851081.712,-256.2306615,78.58105058,54.32007782
4833852.14,-256.3983268,78.53381323,54.24509728
4816622.568,-256.5659922,78.48657588,54.17011673
4799392.996,-256.7336576,78.43933852,54.09513619
4782163.424,-256.901323,78.39210117,54.02015564
4764933.852,-257.0689883,78.34486381,53.9451751
4747704.28,-257.2366537,78.29762646,53.87019455
4730474.708,-257.4043191,78.25038911,53.79521401
4713245.136,-257.5719844,78.20315175,53.72023346
4696015.564,-257.7396498,78.1559144,53.64525292
4678785.992,-257.9073152,78.10867704,53.57027237
4661556.42,-258.0749805,78.06143969,53.49529183
4644326.848,-258.2426459,78.01420233,53.42031128
4627097.276,-258.4103113,77.96696498,53.34533074
4609867.704,-258.5779767,77.91972763,53.27035019
4592638.132,-258.745642,77.87249027,53.19536965
4575408.56,-258.9133074,77.82525292,53.12038911
4558178.988,-259.0809728,77.77801556,53.04540856
4540949.416,-259.2486381,77.73077821,52.97042802
4523719.844,-259.4163035,77.68354086,52.89544747
4506490.272,-259.5839689,77.6363035,52.82046693
4489260.7,-259.7516342,77.58906615,52.74548638
4472031.128,-259.9192996,77.54182879,52.67050584
4454801.556,-260.086965,77.49459144,52.59552529
4437571.984,-260.2546304,77.44735409,52.52054475
4420342.412,-260.4222957,77.40011673,52.4455642
4403112.84,-260.5899611,77.35287938,52.37058366
4385883.268,-260.7576265,77.30564202,52.29560311
4368653.696,-260.9252918,77.25840467,52.22062257
4351424.125,-261.0929572,77.21116732,52.14564202
4334194.553,-261.2606226,77.16392996,52.07066148
4316964.981,-261.4282879,77.11669261,51.99568093
4299735.409,-261.5959533,77.06945525,51.92070039
4282505.837,-261.7636187,77.0222179,51.84571984
4265276.265,-261.931284,76.97498054,51.7707393
4248046.693,-262.0989494,76.92774319,51.69575875
4230817.121,-262.2666148,76.88050584,51.62077821
4213587.549,-262.4342802,76.83326848,51.54579767
4196357.977,-262.6019455,76.78603113,51.47081712
4179128.405,-262.7696109,76.73879377,51.39583658
4161898.833,-262.9372763,76.69155642,51.32085603
4144669.261,-263.1049416,76.64431907,51.24587549
4127439.689,-263.272607,76.59708171,51.17089494
4110210.117,-263.4402724,76.54984436,51.0959144
4092980.545,-263.6079377,76.502607,51.02093385
4075750.973,-263.7756031,76.45536965,50.94595331
4058521.401,-263.9432685,76.4081323,50.87097276
4041291.829,-264.1109339,76.36089494,50.79599222
4024062.257,-264.2785992,76.31365759,50.72101167
4006832.685,-264.4462646,76.26642023,50.64603113
3989603.113,-264.61393,76.21918288,50.57105058
3972373.541,-264.7815953,76.17194553,50.49607004
3955143.969,-264.9492607,76.12470817,50.42108949
3937914.397,-265.1169261,76.07747082,50.34610895
3920684.825,-265.2845914,76.03023346,50.2711284
3903455.253,-265.4522568,75.98299611,50.19614786
3886225.681,-265.6199222,75.93575875,50.12116732
3868996.109,-265.7875875,75.8885214,50.04618677
3851766.537,-265.9552529,75.84128405,49.97120623
3834536.965,-266.1229183,75.79404669,49.89622568
3817307.393,-266.2905837,75.74680934,49.82124514
3800077.821,-266.458249,75.69957198,49.74626459
3782848.249,-266.6259144,75.65233463,49.67128405
3765618.677,-266.7935798,75.60509728,49.5963035
3748389.105,-266.9612451,75.55785992,49.52132296
3731159.533,-267.1289105,75.51062257,49.44634241
3713929.961,-267.2965759,75.46338521,49.37136187
3696700.389,-267.4642412,75.41614786,49.29638132
3679470.817,-267.6319066,75.36891051,49.22140078
3662241.245,-267.799572,75.32167315,49.14642023
3645011.673,-267.9672374,75.2744358,49.07143969
3627782.101,-268.1349027,75.22719844,48.99645914
3610552.529,-268.3025681,75.17996109,48.9214786
3593322.957,-268.4702335,75.13272374,48.84649805
3576093.385,-268.6378988,75.08548638,48.77151751
3558863.813,-268.8055642,75.03824903,48.69653696
3541634.241,-268.9732296,74.99101167,48.62155642
3524404.669,-269.1408949,74.94377432,48.54657588
3507175.097,-269.3085603,74.89653696,48.47159533
3489945.525,-269.4762257,74.84929961,48.39661479
3472715.953,-269.6438911,74.80206226,48.32163424
3455486.381,-269.8115564,74.7548249,48.2466537
3438256.809,-269.9792218,74.70758755,48.17167315
3421027.237,-270.1468872,74.66035019,48.09669261
3403797.665,-270.3145525,74.61311284,48.02171206
3386568.093,-270.4822179,74.56587549,47.94673152
3369338.521,-270.6498833,74.51863813,47.87175097
3352108.949,-270.8175486,74.47140078,47.79677043
3334879.377,-270.985214,74.42416342,47.72178988
3317649.805,-271.1528794,74.37692607,47.64680934
3300420.233,-271.3205447,74.32968872,47.57182879
3283190.661,-271.4882101,74.28245136,47.49684825
3265961.089,-271.6558755,74.23521401,47.4218677
3248731.518,-271.8235409,74.18797665,47.34688716
3231501.946,-271.9912062,74.1407393,47.27190661
3214272.374,-272.1588716,74.09350195,47.19692607
3197042.802,-272.326537,74.04626459,47.12194553
3179813.23,-272.4942023,73.99902724,47.04696498
3162583.658,-272.6618677,73.95178988,46.97198444
3145354.086,-272.8295331,73.90455253,46.89700389
3128124.514,-272.9971984,73.85731518,46.82202335
3110894.942,-273.1648638,73.81007782,46.7470428
3093665.37,-273.3325292,73.76284047,46.67206226
3076435.798,-273.5001946,73.71560311,46.59708171
3059206.226,-273.6678599,73.66836576,46.52210117
3041976.654,-273.8355253,73.6211284,46.44712062
3024747.082,-274.0031907,73.57389105,46.37214008
3007517.51,-274.170856,73.5266537,46.29715953
2990287.938,-274.3385214,73.47941634,46.22217899
2973058.366,-274.5061868,73.43217899,46.14719844
2955828.794,-274.6738521,73.38494163,46.0722179
2938599.222,-274.8415175,73.33770428,45.99723735
2921369.65,-275.0091829,73.29046693,45.92225681
2904140.078,-275.1768482,73.24322957,45.84727626
2886910.506,-275.3445136,73.19599222,45.77229572
2869680.934,-275.512179,73.14875486,45.69731518
2852451.362,-275.6798444,73.10151751,45.62233463
2835221.79,-275.8475097,73.05428016,45.54735409
2817992.218,-276.0151751,73.0070428,45.47237354
2800762.646,-276.1828405,72.95980545,45.397393
2783533.074,-276.3505058,72.91256809,45.32241245
2766303.502,-276.5181712,72.86533074,45.24743191
2749073.93,-276.6858366,72.81809339,45.17245136
2731844.358,-276.8535019,72.77085603,45.09747082
2714614.786,-277.0211673,72.72361868,45.02249027
2697385.214,-277.1888327,72.67638132,44.94750973
2680155.642,-277.3564981,72.62914397,44.87252918
2662926.07,-277.5241634,72.58190661,44.79754864
2645696.498,-277.6918288,72.53466926,44.72256809
2628466.926,-277.8594942,72.48743191,44.64758755
2611237.354,-278.0271595,72.44019455,44.572607
2594007.782,-278.1948249,72.3929572,44.49762646
2576778.21,-278.3624903,72.34571984,44.42264591
2559548.638,-278.5301556,72.29848249,44.34766537
2542319.066,-278.697821,72.25124514,44.27268482
2525089.494,-278.8654864,72.20400778,44.19770428
2507859.922,-279.0331518,72.15677043,44.12272374
2490630.35,-279.2008171,72.10953307,44.04774319
2473400.778,-279.3684825,72.06229572,43.97276265
2456171.206,-279.5361479,72.01505837,43.8977821
2438941.634,-279.7038132,71.96782101,43.82280156
2421712.062,-279.8714786,71.92058366,43.74782101
2404482.49,-280.039144,71.8733463,43.67284047
2387252.918,-280.2068093,71.82610895,43.59785992
2370023.346,-280.3744747,71.7788716,43.52287938
2352793.774,-280.5421401,71.73163424,43.44789883
2335564.202,-280.7098054,71.68439689,43.37291829
2318334.63,-280.8774708,71.63715953,43.29793774
2301105.058,-281.0451362,71.58992218,43.2229572
2283875.486,-281.2128016,71.54268482,43.14797665
2266645.914,-281.3804669,71.49544747,43.07299611
2249416.342,-281.5481323,71.44821012,42.99801556
2232186.77,-281.7157977,71.40097276,42.92303502
2214957.198,-281.883463,71.35373541,42.84805447
2197727.626,-282.0511284,71.30649805,42.77307393
2180498.054,-282.2187938,71.2592607,42.69809339
2163268.482,-282.3864591,71.21202335,42.62311284
2146038.911,-282.5541245,71.16478599,42.5481323
2128809.339,-282.7217899,71.11754864,42.47315175
2111579.767,-282.8894553,71.07031128,42.39817121
2094350.195,-283.0571206,71.02307393,42.32319066
2077120.623,-283.224786,70.97583658,42.24821012
2059891.051,-283.3924514,70.92859922,42.17322957
2042661.479,-283.5601167,70.88136187,42.09824903
2025431.907,-283.7277821,70.83412451,42.02326848
2008202.335,-283.8954475,70.78688716,41.94828794
1990972.763,-284.0631128,70.73964981,41.87330739
1973743.191,-284.2307782,70.69241245,41.79832685
1956513.619,-284.3984436,70.6451751,41.7233463
1939284.047,-284.5661089,70.59793774,41.64836576
1922054.475,-284.7337743,70.55070039,41.57338521
1904824.903,-284.9014397,70.50346304,41.49840467
1887595.331,-285.0691051,70.45622568,41.42342412
1870365.759,-285.2367704,70.40898833,41.34844358
1853136.187,-285.4044358,70.36175097,41.27346304
1835906.615,-285.5721012,70.31451362,41.19848249
1818677.043,-285.7397665,70.26727626,41.12350195
1801447.471,-285.9074319,70.22003891,41.0485214
1784217.899,-286.0750973,70.17280156,40.97354086
1766988.327,-286.2427626,70.1255642,40.89856031
1749758.755,-286.410428,70.07832685,40.82357977
1732529.183,-286.5780934,70.03108949,40.74859922
1715299.611,-286.7457588,69.98385214,40.67361868
1698070.039,-286.9134241,69.93661479,40.59863813
1680840.467,-287.0810895,69.88937743,40.52365759
1663610.895,-287.2487549,69.84214008,40.44867704
1646381.323,-287.4164202,69.79490272,40.3736965
1629151.751,-287.5840856,69.74766537,40.29871595
1611922.179,-287.751751,69.70042802,40.22373541
1594692.607,-287.9194163,69.65319066,40.14875486
1577463.035,-288.0870817,69.60595331,40.07377432
1560233.463,-288.2547471,69.55871595,39.99879377
1543003.891,-288.4224125,69.5114786,39.92381323
1525774.319,-288.5900778,69.46424125,39.84883268
1508544.747,-288.7577432,69.41700389,39.77385214
1491315.175,-288.9254086,69.36976654,39.6988716
1474085.603,-289.0930739,69.32252918,39.62389105
1456856.031,-289.2607393,69.27529183,39.54891051
1439626.459,-289.4284047,69.22805447,39.47392996
1422396.887,-289.59607,69.18081712,39.39894942
1405167.315,-289.7637354,69.13357977,39.32396887
1387937.743,-289.9314008,69.08634241,39.24898833
1370708.171,-290.0990661,69.03910506,39.17400778
1353478.599,-290.2667315,68.9918677,39.09902724
1336249.027,-290.4343969,68.94463035,39.02404669
1319019.455,-290.6020623,68.897393,38.94906615
1301789.883,-290.7697276,68.85015564,38.8740856
1284560.311,-290.937393,68.80291829,38.79910506
1267330.739,-291.1050584,68.75568093,38.72412451
1250101.167,-291.2727237,68.70844358,38.64914397
1232871.595,-291.4403891,68.66120623,38.57416342
1215642.023,-291.6080545,68.61396887,38.49918288
1198412.451,-291.7757198,68.56673152,38.42420233
1181182.879,-291.9433852,68.51949416,38.34922179
1163953.307,-292.1110506,68.47225681,38.27424125
1146723.735,-292.278716,68.42501946,38.1992607
1129494.163,-292.4463813,68.3777821,38.12428016
1112264.591,-292.6140467,68.33054475,38.04929961
1095035.019,-292.7817121,68.28330739,37.97431907
1077805.447,-292.9493774,68.23607004,37.89933852
1060575.875,-293.1170428,68.18883268,37.82435798
1043346.304,-293.2847082,68.14159533,37.74937743
1026116.732,-293.4523735,68.09435798,37.67439689
1008887.16,-293.6200389,68.04712062,37.59941634
991657.5875,-293.7877043,67.99988327,37.5244358
974428.0156,-293.9553696,67.95264591,37.44945525
957198.4436,-294.123035,67.90540856,37.37447471
939968.8716,-294.2907004,67.85817121,37.29949416
922739.2996,-294.4583658,67.81093385,37.22451362
905509.7276,-294.6260311,67.7636965,37.14953307
888280.1556,-294.7936965,67.71645914,37.07455253
871050.5837,-294.9613619,67.66922179,36.99957198
853821.0117,-295.1290272,67.62198444,36.92459144
836591.4397,-295.2966926,67.57474708,36.84961089
819361.8677,-295.464358,67.52750973,36.77463035
802132.2957,-295.6320233,67.48027237,36.69964981
784902.7237,-295.7996887,67.43303502,36.62466926
767673.1518,-295.9673541,67.38579767,36.54968872
750443.5798,-296.1350195,67.33856031,36.47470817
733214.0078,-296.3026848,67.29132296,36.39972763
715984.4358,-296.4703502,67.2440856,36.32474708
698754.8638,-296.6380156,67.19684825,36.24976654
681525.2918,-296.8056809,67.14961089,36.17478599
664295.7198,-296.9733463,67.10237354,36.09980545
647066.1479,-297.1410117,67.05513619,36.0248249
629836.5759,-297.308677,67.00789883,35.94984436
612607.0039,-297.4763424,66.96066148,35.87486381
595377.4319,-297.6440078,66.91342412,35.79988327
578147.8599,-297.8116732,66.86618677,35.72490272
560918.2879,-297.9793385,66.81894942,35.64992218
543688.716,-298.1470039,66.77171206,35.57494163
526459.144,-298.3146693,66.72447471,35.49996109
509229.572,-298.4823346,66.67723735,35.42498054
488567.4419,-298.4824806,66.21426357,35.03992248
485134.8837,-298.3149612,65.79852713,34.72984496
481702.3256,-298.1474419,65.3827907,34.41976744
478269.7674,-297.9799225,64.96705426,34.10968992
474837.2093,-297.8124031,64.55131783,33.7996124
471404.6512,-297.6448837,64.1355814,33.48953488
467972.093,-297.4773643,63.71984496,33.17945736
464539.5349,-297.309845,63.30410853,32.86937984
461106.9767,-297.1423256,62.88837209,32.55930233
457674.4186,-296.9748062,62.47263566,32.24922481
454241.8605,-296.8072868,62.05689922,31.93914729
450809.3023,-296.6397674,61.64116279,31.62906977
447376.7442,-296.4722481,61.22542636,31.31899225
443944.186,-296.3047287,60.80968992,31.00891473
440511.6279,-296.1372093,60.39395349,30.69883721
437079.0698,-295.9696899,59.97821705,30.38875969
433646.5116,-295.8021705,59.56248062,30.07868217
430213.9535,-295.6346512,59.14674419,29.76860465
426781.3953,-295.4671318,58.73100775,29.45852713
423348.8372,-295.2996124,58.31527132,29.14844961
419916.2791,-295.132093,57.89953488,28.83837209
416483.7209,-294.9645736,57.48379845,28.52829457
413051.1628,-294.7970543,57.06806202,28.21821705
409618.6047,-294.6295349,56.65232558,27.90813953
406186.0465,-294.4620155,56.23658915,27.59806202
402753.4884,-294.2944961,55.82085271,27.2879845
399320.9302,-294.1269767,55.40511628,26.97790698
395888.3721,-293.9594574,54.98937984,26.66782946
392455.814,-293.791938,54.57364341,26.35775194
389023.2558,-293.6244186,54.15790698,26.04767442
385590.6977,-293.4568992,53.74217054,25.7375969
382158.1395,-293.2893798,53.32643411,25.42751938
378725.5814,-293.1218605,52.91069767,25.11744186
375293.0233,-292.9543411,52.49496124,24.80736434
371860.4651,-292.7868217,52.07922481,24.49728682
368427.907,-292.6193023,51.66348837,24.1872093
364995.3488,-292.4517829,51.24775194,23.87713178
361562.7907,-292.2842636,50.8320155,23.56705426
358130.2326,-292.1167442,50.41627907,23.25697674
354697.6744,-291.9492248,50.00054264,22.94689922
351265.1163,-291.7817054,49.5848062,22.63682171
347832.5581,-291.614186,49.16906977,22.32674419
344400,-291.4466667,48.75333333,22.01666667
340967.4419,-291.2791473,48.3375969,21.70658915
337534.8837,-291.1116279,47.92186047,21.39651163
334102.3256,-290.9441085,47.50612403,21.08643411
330669.7674,-290.7765891,47.0903876,20.77635659
327237.2093,-290.6090698,46.67465116,20.46627907
323804.6512,-290.4415504,46.25891473,20.15620155
320372.093,-290.274031,45.84317829,19.84612403
316939.5349,-290.1065116,45.42744186,19.53604651
313506.9767,-289.9389922,45.01170543,19.22596899
310074.4186,-289.7714729,44.59596899,18.91589147
306641.8605,-289.6039535,44.18023256,18.60581395
303209.3023,-289.4364341,43.76449612,18.29573643
299776.7442,-289.2689147,43.34875969,17.98565891
296344.186,-289.1013953,42.93302326,17.6755814
292911.6279,-288.933876,42.51728682,17.36550388
289479.0698,-288.7663566,42.10155039,17.05542636
286046.5116,-288.5988372,41.68581395,16.74534884
282613.9535,-288.4313178,41.27007752,16.43527132
279181.3953,-288.2637984,40.85434109,16.1251938
275748.8372,-288.0962791,40.43860465,15.81511628
272316.2791,-287.9287597,40.02286822,15.50503876
268883.7209,-287.7612403,39.60713178,15.19496124
265451.1628,-287.5937209,39.19139535,14.88488372
262018.6047,-287.4262016,38.77565891,14.5748062
258586.0465,-287.2586822,38.35992248,14.26472868
255153.4884,-287.0911628,37.94418605,13.95465116
251720.9302,-286.9236434,37.52844961,13.64457364
248288.3721,-286.756124,37.11271318,13.33449612
244855.814,-286.5886047,36.69697674,13.0244186
241423.2558,-286.4210853,36.28124031,12.71434109
237990.6977,-286.2535659,35.86550388,12.40426357
234558.1395,-286.0860465,35.44976744,12.09418605
231125.5814,-285.9185271,35.03403101,11.78410853
227693.0233,-285.7510078,34.61829457,11.47403101
224260.4651,-285.5834884,34.20255814,11.16395349
220827.907,-285.415969,33.78682171,10.85387597
217395.3488,-285.2484496,33.37108527,10.54379845
213962.7907,-285.0809302,32.95534884,10.23372093
210530.2326,-284.9134109,32.5396124,9.923643411
207097.6744,-284.7458915,32.12387597,9.613565891
203665.1163,-284.5783721,31.70813953,9.303488372
200232.5581,-284.4108527,31.2924031,8.993410853
196800,-284.2433333,30.87666667,8.683333333
193367.4419,-284.075814,30.46093023,8.373255814
189934.8837,-283.9082946,30.0451938,8.063178295
186502.3256,-283.7407752,29.62945736,7.753100775
183069.7674,-283.5732558,29.21372093,7.443023256
179637.2093,-283.4057364,28.7979845,7.132945736
176204.6512,-283.2382171,28.38224806,6.822868217
172772.093,-283.0706977,27.96651163,6.512790698
169339.5349,-282.9031783,27.55077519,6.202713178
165906.9767,-282.7356589,27.13503876,5.892635659
162474.4186,-282.5681395,26.71930233,5.58255814
159041.8605,-282.4006202,26.30356589,5.27248062
155609.3023,-282.2331008,25.88782946,4.962403101
152176.7442,-282.0655814,25.47209302,4.652325581
148744.186,-281.898062,25.05635659,4.342248062
145311.6279,-281.7305426,24.64062016,4.032170543
141879.0698,-281.5630233,24.22488372,3.722093023
138446.5116,-281.3955039,23.80914729,3.412015504
135013.9535,-281.2279845,23.39341085,3.101937984
131581.3953,-281.0604651,22.97767442,2.791860465
128148.8372,-280.8929457,22.56193798,2.481782946
124716.2791,-280.7254264,22.14620155,2.171705426
121283.7209,-280.557907,21.73046512,1.861627907
117851.1628,-280.3903876,21.31472868,1.551550388
114418.6047,-280.2228682,20.89899225,1.241472868
110986.0465,-280.0553488,20.48325581,0.931395349
107553.4884,-279.8878295,20.06751938,0.621317829
104120.9302,-279.7203101,19.65178295,0.31124031
100688.3721,-279.5527907,19.23604651,0.001162791
97255.81395,-279.3852713,18.82031008,-0.308914729
93823.25581,-279.2177519,18.40457364,-0.618992248
90390.69767,-279.0502326,17.98883721,-0.929069767
86958.13953,-278.8827132,17.57310078,-1.239147287
83525.5814,-278.7151938,17.15736434,-1.549224806
80093.02326,-278.5476744,16.74162791,-1.859302326
76660.46512,-278.380155,16.32589147,-2.169379845
73227.90698,-278.2126357,15.91015504,-2.479457364
69795.34884,-278.0451163,15.4944186,-2.789534884
66362.7907,-277.8775969,15.07868217,-3.099612403
62930.23256,-277.7100775,14.66294574,-3.409689922
59497.67442,-277.5425581,14.2472093,-3.719767442
56065.11628,-277.3750388,13.83147287,-4.029844961
52632.55814,-277.2075194,13.41573643,-4.339922481
48518.76923,-276.7943077,12.92307692,-4.895538462
47837.53846,-276.5486154,12.84615385,-5.141076923
47156.30769,-276.3029231,12.76923077,-5.386615385
46475.07692,-276.0572308,12.69230769,-5.632153846
45793.84615,-275.8115385,12.61538462,-5.877692308
45112.61538,-275.5658462,12.53846154,-6.123230769
44431.38462,-275.3201538,12.46153846,-6.368769231
43750.15385,-275.0744615,12.38461538,-6.614307692
43068.92308,-274.8287692,12.30769231,-6.859846154
42387.69231,-274.5830769,12.23076923,-7.105384615
41706.46154,-274.3373846,12.15384615,-7.350923077
41025.23077,-274.0916923,12.07692308,-7.596461538
40344,-273.846,12,-7.842
39662.76923,-273.6003077,11.92307692,-8.087538462
38981.53846,-273.3546154,11.84615385,-8.333076923
38300.30769,-273.1089231,11.76923077,-8.578615385
37619.07692,-272.8632308,11.69230769,-8.824153846
36937.84615,-272.6175385,11.61538462,-9.069692308
36256.61538,-272.3718462,11.53846154,-9.315230769
35575.38462,-272.1261538,11.46153846,-9.560769231
34894.15385,-271.8804615,11.38461538,-9.806307692
34212.92308,-271.6347692,11.30769231,-10.05184615
33531.69231,-271.3890769,11.23076923,-10.29738462
32850.46154,-271.1433846,11.15384615,-10.54292308
32169.23077,-270.8976923,11.07692308,-10.78846154
31488,-270.652,11,-11.034
30806.76923,-270.4063077,10.92307692,-11.27953846
30125.53846,-270.1606154,10.84615385,-11.52507692
29444.30769,-269.9149231,10.76923077,-11.77061538
28763.07692,-269.6692308,10.69230769,-12.01615385
28081.84615,-269.4235385,10.61538462,-12.26169231
27400.61538,-269.1778462,10.53846154,-12.50723077
26719.38462,-268.9321538,10.46153846,-12.75276923
26038.15385,-268.6864615,10.38461538,-12.99830769
25356.92308,-268.4407692,10.30769231,-13.24384615
24675.69231,-268.1950769,10.23076923,-13.48938462
23994.46154,-267.9493846,10.15384615,-13.73492308
23313.23077,-267.7036923,10.07692308,-13.98046154
22632,-267.458,10,-14.226
21950.76923,-267.2123077,9.923076923,-14.47153846
21269.53846,-266.9666154,9.846153846,-14.71707692
20588.30769,-266.7209231,9.769230769,-14.96261538
19907.07692,-266.4752308,9.692307692,-15.20815385
19225.84615,-266.2295385,9.615384615,-15.45369231
18544.61538,-265.9838462,9.538461538,-15.69923077
17863.38462,-265.7381538,9.461538462,-15.94476923
17182.15385,-265.4924615,9.384615385,-16.19030769
16500.92308,-265.2467692,9.307692308,-16.43584615
15819.69231,-265.0010769,9.230769231,-16.68138462
15138.46154,-264.7553846,9.153846154,-16.92692308
14457.23077,-264.5096923,9.076923077,-17.17246154
13776,-264.264,9,-17.418
13094.76923,-264.0183077,8.923076923,-17.66353846
12413.53846,-263.7726154,8.846153846,-17.90907692
11732.30769,-263.5269231,8.769230769,-18.15461538
11051.07692,-263.2812308,8.692307692,-18.40015385
10369.84615,-263.0355385,8.615384615,-18.64569231
9688.615385,-262.7898462,8.538461538,-18.89123077
9007.384615,-262.5441538,8.461538462,-19.13676923
8326.153846,-262.2984615,8.384615385,-19.38230769
7644.923077,-262.0527692,8.307692308,-19.62784615
6963.692308,-261.8070769,8.230769231,-19.87338462
6282.461538,-261.5613846,8.153846154,-20.11892308
5601.230769,-261.3156923,8.076923077,-20.36446154
4785.757576,-260.8036667,7.848484848,-20.65454545
4651.515152,-260.5373333,7.696969697,-20.69909091
4517.272727,-260.271,7.545454545,-20.74363636
4383.030303,-260.0046667,7.393939394,-20.78818182
4248.787879,-259.7383333,7.242424242,-20.83272727
4114.545455,-259.472,7.090909091,-20.87727273
3980.30303,-259.2056667,6.939393939,-20.92181818
3846.060606,-258.9393333,6.787878788,-20.96636364
3711.818182,-258.673,6.636363636,-21.01090909
3577.575758,-258.4066667,6.484848485,-21.05545455
3443.333333,-258.1403333,6.333333333,-21.1
3309.090909,-257.874,6.181818182,-21.14454545
3174.848485,-257.6076667,6.03030303,-21.18909091
3040.606061,-257.3413333,5.878787879,-21.23363636
2906.363636,-257.075,5.727272727,-21.27818182
2772.121212,-256.8086667,5.575757576,-21.32272727
2637.878788,-256.5423333,5.424242424,-21.36727273
2503.636364,-256.276,5.272727273,-21.41181818
2369.393939,-256.0096667,5.121212121,-21.45636364
2235.151515,-255.7433333,4.96969697,-21.50090909
2100.909091,-255.477,4.818181818,-21.54545455
1966.666667,-255.2106667,4.666666667,-21.59
1832.424242,-254.9443333,4.515151515,-21.63454545
1698.181818,-254.678,4.363636364,-21.67909091
1563.939394,-254.4116667,4.212121212,-21.72363636
1429.69697,-254.1453333,4.060606061,-21.76818182
1295.454545,-253.879,3.909090909,-21.81272727
1161.212121,-253.6126667,3.757575758,-21.85727273
1026.969697,-253.3463333,3.606060606,-21.90181818
892.7272727,-253.08,3.454545455,-21.94636364
758.4848485,-252.8136667,3.303030303,-21.99090909
624.2424242,-252.5473333,3.151515152,-22.03545455
471.7647059,-252.4574118,3.117647059,-22.31764706
453.5294118,-252.6338235,3.235294118,-22.55529412
435.2941176,-252.8102353,3.352941176,-22.79294118
417.0588235,-252.9866471,3.470588235,-23.03058824
398.8235294,-253.1630588,3.588235294,-23.26823529
380.5882353,-253.3394706,3.705882353,-23.50588235
362.3529412,-253.5158824,3.823529412,-23.74352941
344.1176471,-253.6922941,3.941176471,-23.98117647
325.8823529,-253.8687059,4.058823529,-24.21882353
307.6470588,-254.0451176,4.176470588,-24.45647059
289.4117647,-254.2215294,4.294117647,-24.69411765
271.1764706,-254.3979412,4.411764706,-24.93176471
252.9411765,-254.5743529,4.529411765,-25.16941176
234.7058824,-254.7507647,4.647058824,-25.40705882
216.4705882,-254.9271765,4.764705882,-25.64470588
198.2352941,-255.1035882,4.882352941,-25.88235294
164.4444444,-244.8144444,5.111111111,-26.38777778
148.8888889,-234.3488889,5.222222222,-26.65555556
133.3333333,-223.8833333,5.333333333,-26.92333333
117.7777778,-213.4177778,5.444444444,-27.19111111
102.2222222,-202.9522222,5.555555556,-27.45888889
86.66666667,-192.4866667,5.666666667,-27.72666667
71.11111111,-182.0211111,5.777777778,-27.99444444
55.55555556,-171.5555556,5.888888889,-28.26222222
32,-156.416,11.8406,-29.786
24,-151.742,17.6812,-31.042
16,-147.068,23.5218,-32.298
8,-142.394,29.3624,-33.554
1,-135.5666667,38.572,-46.20666667
1,-133.4133333,41.941,-57.60333333
